carId,price,category,type,location,posted,brand,model,year,taxType,condition,bodyType,fuel,transmission,color,source
11620691,18000,Cars for Sale,,,,Hyundai,Santa Fe,2018,Plate Number,Used,SUV,,,,kh24,,,
,,,,,,,,,,,,,,,kh24,,,
,,,,,,,,,,,,,,,kh24,,,
11677931,4000,Motorcycles For Sale,,,,VESPA,Other,2024,Plate Number,Used,,,,,kh24,,,
,,,,,,,,,,,,,,,kh24,,,
11575871,15900,Cars for Sale,,,,Toyota,Prius,2010,Tax Paper,Used,Hatchback,,,,kh24,,,
11232891,5,Maintenance & Repair,,,,,,,,,,,,,kh24,,,
11571800,20,Vehicles For Rent,,,,,,,,,,,,,kh24,,,
11667609,12600,Cars for Sale,,,,Toyota,Prius,2006,Tax Paper,Used,Hatchback,,,,kh24,,,
11685066,80000,Cars for Sale,,,,GAC,GN8,2024,Tax Paper,New,Other,,,,kh24,,,
11678993,29500,Cars for Sale,,,,Toyota,Highlander,2010,Plate Number,Used,SUV,,,,kh24,,,
,,,,,,,,,,,,,,,kh24,,,
11259370,24000,Cars for Sale,,,,Toyota,Tundra,2008,Tax Paper,Used,Pickup,,,,kh24,,,
,,,,,,,,,,,,,,,kh24,,,
,,,,,,,,,,,,,,,kh24,,,
,,,,,,,,,,,,,,,kh24,,,
11197959,499,Vehicles For Rent,,,,,,,,,,,,,kh24,,,
11487274,14140,Cars for Sale,,,,Toyota,Land Cruiser,2001,Plate Number,Used,SUV,,,,kh24,,,
11571751,2900,Motorcycles For Sale,,,,Suzuki,GSX-R,2021,Plate Number,Used,,,,,kh24,,,
,,,,,,,,,,,,,,,kh24,,,
11444758,275000,Cars for Sale,,,,Lexus,LM,2025,Tax Paper,New,MPV (Minivan),,,,kh24,,,
11276141,21800,Cars for Sale,,,,Toyota,Prius,2010,Tax Paper,New,Sedan,,,,kh24,,,
11444189,255000,Cars for Sale,,,,Lexus,LX600,2025,Tax Paper,New,SUV,,,,kh24,,,
11366232,2000,Bicycles,,,,,,,,Used,,,,,kh24,,,
,,,,,,,,,,,,,,,kh24,,,
11691868,14200,Cars for Sale,,,,Lexus,GS,2006,Plate Number,Used,Sedan,,,,kh24,,,
,,,,,,,,,,,,,,,kh24,,,
11512192,188500,Cars for Sale,,,,Toyota,Land Cruiser,2025,Tax Paper,New,SUV,,,,kh24,,,
11512189,185000,Cars for Sale,,,,Toyota,Land Cruiser,2025,Tax Paper,New,SUV,,,,kh24,,,
,,,,,,,,,,,,,,,kh24,,,
,,,,,,,,,,,,,,,kh24,,,
11587339,3000,Lorries, Vans & Tractors,,,,,,,,New,Other,,,,kh24,,,
,,,,,,,,,,,,,,,kh24,,,
,,,,,,,,,,,,,,,kh24,,,
11676401,17300,Cars for Sale,,,,Toyota,Prius,2011,Tax Paper,New,Hatchback,,,,kh24,,,
11610026,22500,Cars for Sale,,,,Audi,Q7,2014,Tax Paper,Used,SUV,,,,kh24,,,
11676661,57500,Cars for Sale,,,,Toyota,Land Cruiser,2012,Plate Number,Used,SUV,,,,kh24,,,
11700007,14500,Cars for Sale,,,,BMW,I3,2014,Plate Number,Used,,,,,kh24,,,
,,,,,,,,,,,,,,,kh24,,,
,,,,,,,,,,,,,,,kh24,,,
,,,,,,,,,,,,,,,kh24,,,
11475280,112000,Cars for Sale,,,,Toyota,Land Cruiser,2020,Plate Number,New,SUV,,,,kh24,,,
11430842,111000,Cars for Sale,,,,Lexus,LX570,2016,Plate Number,New,SUV,,,,kh24,,,
,,,,,,,,,,,,,,,kh24,,,
,,,,,,,,,,,,,,,kh24,,,
,,,,,,,,,,,,,,,kh24,,,
11677030,92500,Cars for Sale,,,,Toyota,Land Cruiser,2018,Plate Number,New,SUV,,,,kh24,,,
,,,,,,,,,,,,,,,kh24,,,
11654744,123000,Cars for Sale,,,,Toyota,Alphard,2019,Plate Number,Used,MPV (Minivan),,,,kh24,,,
,,,,,,,,,,,,,,,kh24,,,
,,,,,,,,,,,,,,,kh24,,,
11564869,168,Parts & Accessories,,,,,,,,New,,,,,kh24,,,
,,,,,,,,,,,,,,,kh24,,,
,,,,,,,,,,,,,,,kh24,,,
11235922,4250,Motorcycles For Sale,,,,Honda,NC,2013,Plate Number,Used,,,,,kh24,,,
11384482,1,Parts & Accessories,,,,,,,,Used,,,,,kh24,,,
11384469,200,Parts & Accessories,,,,,,,,New,,,,,kh24,,,
11264958,42500,Cars for Sale,,,,Toyota,bz,2024,Tax Paper,New,Hatchback,,,,kh24,,,
11650500,41500,Cars for Sale,,,,Lexus,NX,2015,Plate Number,Used,SUV,,,,kh24,,,
11389399,10900,Cars for Sale,,,,Hyundai,Truck,2008,Tax Paper,Used,Other,,,,kh24,,,
11609389,49500,Cars for Sale,,,,Hyundai,Tucson,2025,Tax Paper,New,SUV,,,,kh24,,,
,,,,,,,,,,,,,,,kh24,,,
11589195,46800,Cars for Sale,,,,Audi,A8,2014,Plate Number,Used,Sedan,,,,kh24,,,
11688765,125000,Cars for Sale,,,,Land Rover,Defender,2021,Plate Number,Used,Other,,,,kh24,,,
11696535,43800,Cars for Sale,,,,CHANGAN,UNI-K,2023,Plate Number,Used,SUV,,,,kh24,,,
11677944,2800,Cars for Sale,,,,Toyota,Corolla,1995,Plate Number,Used,Sedan,,,,kh24,,,
11633193,48000,Cars for Sale,,,,Hyundai,Palisade,2022,Plate Number,Used,SUV,,,,kh24,,,
11696421,45000,Cars for Sale,,,,Lexus,LX570,2008,Plate Number,New,,,,,kh24,,,
11620691,18000,Cars for Sale,,,,Hyundai,Santa Fe,2018,Plate Number,Used,SUV,,,,kh24,,,
,,,,,,,,,,,,,,,kh24,,,
11673048,60,Vehicles For Rent,,,,,,,,,,,,,kh24,,,
11297217,10800,Cars for Sale,,,,Kia,Morning,2013,Tax Paper,New,Sedan,,,,kh24,,,
11551803,1345,Vehicles For Rent,,,,,,,,,,,,,kh24,,,
11664827,22000,Cars for Sale,,,,Kia,Grand Carnival,2016,Tax Paper,Used,,,,,kh24,,,
11232886,7,Parts & Accessories,,,,,,,,New,,,,,kh24,,,
11582889,50,Parts & Accessories,,,,,,,,Used,,,,,kh24,,,
,,,,,,,,,,,,,,,kh24,,,
11451887,14500,Cars for Sale,,,,Land Rover,Range Rover Sport,2010,Tax Paper,Used,SUV,,,,kh24,,,
11633653,15200,Cars for Sale,,,,Toyota,Prius,2013,Tax Paper,Used,Sedan,,,,kh24,,,
,,,,,,,,,,,,,,,kh24,,,
,,,,,,,,,,,,,,,kh24,,,
,,,,,,,,,,,,,,,kh24,,,
11536895,1299,Bicycles,,,,,,,,Used,,,,,kh24,,,
,,,,,,,,,,,,,,,kh24,,,
,,,,,,,,,,,,,,,kh24,,,
,,,,,,,,,,,,,,,kh24,,,
11632060,17100,Cars for Sale,,,,Toyota,Prius,2011,Plate Number,Used,,,,,kh24,,,
,,,,,,,,,,,,,,,kh24,,,
,,,,,,,,,,,,,,,kh24,,,
,,,,,,,,,,,,,,,kh24,,,
,,,,,,,,,,,,,,,kh24,,,
11424349,41500,Cars for Sale,,,,Kia,Carnival,2021,Tax Paper,New,MPV (Minivan),,,,kh24,,,
11574072,14900,Cars for Sale,,,,Lexus,CT,2012,Tax Paper,Used,Sedan,,,,kh24,,,
,,,,,,,,,,,,,,,kh24,,,
,,,,,,,,,,,,,,,kh24,,,
11341947,49999,Cars for Sale,,,,Land Rover,Range Rover,2014,Tax Paper,Used,SUV,,,,kh24,,,
,,,,,,,,,,,,,,,kh24,,,
,,,,,,,,,,,,,,,kh24,,,
,,,,,,,,,,,,,,,kh24,,,
,,,,,,,,,,,,,,,kh24,,,
11574892,13200,Cars for Sale,,,,Toyota,Prius,2009,Tax Paper,New,Sedan,,,,kh24,,,
,,,,,,,,,,,,,,,kh24,,,
,,,,,,,,,,,,,,,kh24,,,
11466354,9500,Motorcycles For Sale,,,,Yamaha,YZF-R6,2017,Plate Number,Used,,,,,kh24,,,
11503743,2150,Cars for Sale,,,,Kia,Visto,2000,Plate Number,Used,SUV,,,,kh24,,,
11679841,425,Bicycles,,,,,,,,New,,,,,kh24,,,
11333010,375,Bicycles,,,,,,,,New,,,,,kh24,,,
11443215,375,Bicycles,,,,,,,,New,,,,,kh24,,,
,,,,,,,,,,,,,,,kh24,,,
11424331,1200,Vehicles For Rent,,,,,,,,,,,,,kh24,,,
,,,,,,,,,,,,,,,kh24,,,
11699988,25,Parts & Accessories,,,,,,,,Used,,,,,kh24,,,
11499974,30,Vehicles For Rent,,,,,,,,,,,,,kh24,,,
11614313,60,Vehicles For Rent,,,,,,,,,,,,,kh24,,,
,,,,,,,,,,,,,,,kh24,,,
,,,,,,,,,,,,,,,kh24,,,
11505502,25,Maintenance & Repair,,,,,,,,,,,,,kh24,,,
11666465,1900,Motorcycles For Sale,,,,Yamaha,Other,2020,Plate Number,Used,,,,,kh24,,,
,,,,,,,,,,,,,,,kh24,,,
,,,,,,,,,,,,,,,kh24,,,
11610026,22500,Cars for Sale,,,,Audi,Q7,2014,Tax Paper,Used,SUV,,,,kh24,,,
11341947,49999,Cars for Sale,,,,Land Rover,Range Rover,2014,Tax Paper,Used,SUV,,,,kh24,,,
11620691,18000,Cars for Sale,,,,Hyundai,Santa Fe,2018,Plate Number,Used,SUV,,,,kh24,,,
,,,,,,,,,,,,,,,kh24,,,
11685054,12000,Cars for Sale,,,,Kia,Morning,2017,Plate Number,Used,Hatchback,,,,kh24,,,
11676661,57500,Cars for Sale,,,,Toyota,Land Cruiser,2012,Plate Number,Used,SUV,,,,kh24,,,
,,,,,,,,,,,,,,,kh24,,,
11551039,20,Vehicles For Rent,,,,,,,,,,,,,kh24,,,
11685010,9800,Cars for Sale,,,,Nissan,Frontier,2006,Plate Number,Used,Pickup,,,,kh24,,,
11495524,18800,Cars for Sale,,,,Toyota,Prius,2010,Tax Paper,New,,,,,kh24,,,
11681226,11500,Cars for Sale,,,,Lexus,RX300,2002,Plate Number,Used,SUV,,,,kh24,,,
11460729,1980,Motorcycles For Sale,,,,Kawasaki,KLR/KLX,2004,Plate Number,Used,,,,,kh24,,,
,,,,,,,,,,,,,,,kh24,,,
,,,,,,,,,,,,,,,kh24,,,
11234652,15800,Cars for Sale,,,,Toyota,Highlander,2004,Plate Number,Used,SUV,,,,kh24,,,
11678711,21300,Cars for Sale,,,,Toyota,Prius,2012,Tax Paper,Used,Hatchback,,,,kh24,,,
,,,,,,,,,,,,,,,kh24,,,
11554379,30,Maintenance & Repair,,,,,,,,,,,,,kh24,,,
,,,,,,,,,,,,,,,kh24,,,
11628475,20,Parts & Accessories,,,,,,,,Used,,,,,kh24,,,
,,,,,,,,,,,,,,,kh24,,,
,,,,,,,,,,,,,,,kh24,,,
,,,,,,,,,,,,,,,kh24,,,
11439164,1480,Motorcycles For Sale,,,,Other,,2025,Tax Paper,New,,,,,kh24,,,
11614313,60,Vehicles For Rent,,,,,,,,,,,,,kh24,,,
11684072,18800,Cars for Sale,,,,Toyota,Prius,2013,Tax Paper,Used,Hatchback,,,,kh24,,,
11448750,24550,Cars for Sale,,,,Audi,A5,2011,Plate Number,Used,Hatchback,,,,kh24,,,
11415942,520,Vehicles For Rent,,,,,,,,,,,,,kh24,,,
11299866,18800,Cars for Sale,,,,Toyota,Prius,2010,Tax Paper,Used,Hatchback,,,,kh24,,,
11696217,14200,Cars for Sale,,,,Toyota,Prius,2011,Tax Paper,Used,Hatchback,,,,kh24,,,
,,,,,,,,,,,,,,,kh24,,,
11424322,3800,Vehicles For Rent,,,,,,,,,,,,,kh24,,,
,,,,,,,,,,,,,,,kh24,,,
,,,,,,,,,,,,,,,kh24,,,
,,,,,,,,,,,,,,,kh24,,,
,,,,,,,,,,,,,,,kh24,,,
,,,,,,,,,,,,,,,kh24,,,
,,,,,,,,,,,,,,,kh24,,,
,,,,,,,,,,,,,,,kh24,,,
,,,,,,,,,,,,,,,kh24,,,
11570917,14900,Cars for Sale,,,,Toyota,Prius,2010,Tax Paper,Used,Sedan,,,,kh24,,,
11620691,18000,Cars for Sale,,,,Hyundai,Santa Fe,2018,Plate Number,Used,SUV,,,,kh24,,,
,,,,,,,,,,,,,,,kh24,,,
,,,,,,,,,,,,,,,kh24,,,
,,,,,,,,,,,,,,,kh24,,,
11505502,25,Maintenance & Repair,,,,,,,,,,,,,kh24,,,
11499974,30,Vehicles For Rent,,,,,,,,,,,,,kh24,,,
,,,,,,,,,,,,,,,kh24,,,
,,,,,,,,,,,,,,,kh24,,,
11666465,1900,Motorcycles For Sale,,,,Yamaha,Other,2020,Plate Number,Used,,,,,kh24,,,
11341947,49999,Cars for Sale,,,,Land Rover,Range Rover,2014,Tax Paper,Used,SUV,,,,kh24,,,
,,,,,,,,,,,,,,,kh24,,,
11610026,22500,Cars for Sale,,,,Audi,Q7,2014,Tax Paper,Used,SUV,,,,kh24,,,
11676661,57500,Cars for Sale,,,,Toyota,Land Cruiser,2012,Plate Number,Used,SUV,,,,kh24,,,
11684072,18800,Cars for Sale,,,,Toyota,Prius,2013,Tax Paper,Used,Hatchback,,,,kh24,,,
,,,,,,,,,,,,,,,kh24,,,
11444695,135000,Cars for Sale,,,,Lexus,RX350,2024,Tax Paper,New,SUV,,,,kh24,,,
11424318,1300,Vehicles For Rent,,,,,,,,,,,,,kh24,,,
11503767,4500,Motorcycles For Sale,,,,Yamaha,YZF-R6,2008,Plate Number,Used,,,,,kh24,,,
,,,,,,,,,,,,,,,kh24,,,
11444030,290,Others,,,,,,,,,,,,,kh24,,,
11444035,40,Others,,,,,,,,,,,,,kh24,,,
11444039,60,Others,,,,,,,,,,,,,kh24,,,
11444058,185,Others,,,,,,,,,,,,,kh24,,,
,,,,,,,,,,,,,,,kh24,,,
,,,,,,,,,,,,,,,kh24,,,
11424313,2300,Vehicles For Rent,,,,,,,,,,,,,kh24,,,
,,,,,,,,,,,,,,,kh24,,,
,,,,,,,,,,,,,,,kh24,,,
11505905,2350,Motorcycles For Sale,,,,Honda,Dream,2025,Tax Paper,New,,,,,kh24,,,
11692285,1,Parts & Accessories,,,,,,,,New,,,,,kh24,,,
,,,,,,,,,,,,,,,kh24,,,
11614313,60,Vehicles For Rent,,,,,,,,,,,,,kh24,,,
,,,,,,,,,,,,,,,kh24,,,
11684072,18800,Cars for Sale,,,,Toyota,Prius,2013,Tax Paper,Used,Hatchback,,,,kh24,,,
11691102,1421,Motorcycles For Sale,,,,Kawasaki,Ninja,2010,Plate Number,Used,,,,,kh24,,,
,,,,,,,,,,,,,,,kh24,,,
,,,,,,,,,,,,,,,kh24,,,
,,,,,,,,,,,,,,,kh24,,,
,,,,,,,,,,,,,,,kh24,,,
,,,,,,,,,,,,,,,kh24,,,
,,,,,,,,,,,,,,,kh24,,,
,,,,,,,,,,,,,,,kh24,,,
11550763,39,Vehicles For Rent,,,,,,,,,,,,,kh24,,,
,,,,,,,,,,,,,,,kh24,,,
11435391,57000,Cars for Sale,,,,Hyundai,Staria,2024,Plate Number,Used,MPV (Minivan),,,,kh24,,,
11334523,36000,Cars for Sale,,,,Mercedes-Benz,C300,2015,Tax Paper,New,Sedan,,,,kh24,,,
,,,,,,,,,,,,,,,kh24,,,
11499974,30,Vehicles For Rent,,,,,,,,,,,,,kh24,,,
11689459,25500,Cars for Sale,,,,Land Rover,Discovery 4,2011,Plate Number,Used,SUV,,,,kh24,,,
,,,,,,,,,,,,,,,kh24,,,
,,,,,,,,,,,,,,,kh24,,,
11684072,18800,Cars for Sale,,,,Toyota,Prius,2013,Tax Paper,Used,Hatchback,,,,kh24,,,
,,,,,,,,,,,,,,,kh24,,,
11691102,1421,Motorcycles For Sale,,,,Kawasaki,Ninja,2010,Plate Number,Used,,,,,kh24,,,
11685054,12000,Cars for Sale,,,,Kia,Morning,2017,Plate Number,Used,Hatchback,,,,kh24,,,
11614313,60,Vehicles For Rent,,,,,,,,,,,,,kh24,,,
,,,,,,,,,,,,,,,kh24,,,
,,,,,,,,,,,,,,,kh24,,,
,,,,,,,,,,,,,,,kh24,,,
,,,,,,,,,,,,,,,kh24,,,
,,,,,,,,,,,,,,,kh24,,,
11505502,25,Maintenance & Repair,,,,,,,,,,,,,kh24,,,
11553508,1,Parts & Accessories,,,,,,,,New,,,,,kh24,,,
11545004,1849,Motorcycles For Sale,,,,GPX,MAD,2020,Plate Number,Used,,,,,kh24,,,
,,,,,,,,,,,,,,,kh24,,,
11547292,3380,Motorcycles For Sale,,,,Royal Enfield,Classic 500,2021,Plate Number,Used,,,,,kh24,,,
11699958,356,Tuk Tuk & Remork,,,,,,,,,,,,,kh24,,,
11481184,19999,Cars for Sale,,,,Audi,Q7,2012,Plate Number,Used,SUV,,,,kh24,,,
11557511,1379,Motorcycles For Sale,,,,Keewey,,2025,Tax Paper,New,,,,,kh24,,,
,,,,,,,,,,,,,,,kh24,,,
11424305,2800,Vehicles For Rent,,,,,,,,,,,,,kh24,,,
11286631,15000,Cars for Sale,,,,Lexus,GS,2007,Plate Number,Used,,,,,kh24,,,
,,,,,,,,,,,,,,,kh24,,,
,,,,,,,,,,,,,,,kh24,,,
,,,,,,,,,,,,,,,kh24,,,
,,,,,,,,,,,,,,,kh24,,,
,,,,,,,,,,,,,,,kh24,,,
,,,,,,,,,,,,,,,kh24,,,
11614313,60,Vehicles For Rent,,,,,,,,,,,,,kh24,,,
,,,,,,,,,,,,,,,kh24,,,
,,,,,,,,,,,,,,,kh24,,,
11611695,42000,Cars for Sale,,,,Toyota,Land Cruiser,2010,Plate Number,Used,SUV,,,,kh24,,,
11648514,40,Parts & Accessories,,,,,,,,Used,,,,,kh24,,,
11647019,13500,Cars for Sale,,,,Toyota,Prius,2012,Plate Number,Used,Hatchback,,,,kh24,,,
,,,,,,,,,,,,,,,kh24,,,
11658872,868,Bicycles,,,,,,,,Used,,,,,kh24,,,
,,,,,,,,,,,,,,,kh24,,,
,,,,,,,,,,,,,,,kh24,,,
,,,,,,,,,,,,,,,kh24,,,
,,,,,,,,,,,,,,,kh24,,,
,,,,,,,,,,,,,,,kh24,,,
11621378,18400,Cars for Sale,,,,BMW,I3,2014,Tax Paper,New,Sedan,,,,kh24,,,
,,,,,,,,,,,,,,,kh24,,,
,,,,,,,,,,,,,,,kh24,,,
,,,,,,,,,,,,,,,kh24,,,
11605182,11200,Cars for Sale,,,,Toyota,Prius,2006,Tax Paper,New,Sedan,,,,kh24,,,
11658867,765,Bicycles,,,,,,,,Used,,,,,kh24,,,
,,,,,,,,,,,,,,,kh24,,,
,,,,,,,,,,,,,,,kh24,,,
,,,,,,,,,,,,,,,kh24,,,
,,,,,,,,,,,,,,,kh24,,,
11614747,11200,Cars for Sale,,,,Toyota,Prius,2009,Tax Paper,New,Sedan,,,,kh24,,,
,,,,,,,,,,,,,,,kh24,,,
,,,,,,,,,,,,,,,kh24,,,
,,,,,,,,,,,,,,,kh24,,,
,,,,,,,,,,,,,,,kh24,,,
,,,,,,,,,,,,,,,kh24,,,
,,,,,,,,,,,,,,,kh24,,,
,,,,,,,,,,,,,,,kh24,,,
,,,,,,,,,,,,,,,kh24,,,
,,,,,,,,,,,,,,,kh24,,,
,,,,,,,,,,,,,,,kh24,,,
11516452,60,Vehicles For Rent,,,,,,,,,,,,,kh24,,,
11231819,790,Motorcycles For Sale,,,,Honda,Zoomer-X,2017,Plate Number,Used,,,,,kh24,,,
11691102,1421,Motorcycles For Sale,,,,Kawasaki,Ninja,2010,Plate Number,Used,,,,,kh24,,,
,,,,,,,,,,,,,,,kh24,,,
,,,,,,,,,,,,,,,kh24,,,
,,,,,,,,,,,,,,,kh24,,,
,,,,,,,,,,,,,,,kh24,,,
,,,,,,,,,,,,,,,kh24,,,
,,,,,,,,,,,,,,,kh24,,,
11699952,1579,Motorcycles For Sale,,,,GPX,Raptor,2020,Tax Paper,New,,,,,kh24,,,
11588138,18400,Cars for Sale,,,,Toyota,Prius,2011,Tax Paper,New,Hatchback,,,,kh24,,,
11592616,11000,Cars for Sale,,,,BMW,I3,2015,Tax Paper,Used,Hatchback,,,,kh24,,,
11580277,142000,Cars for Sale,,,,Land Rover,Defender 110,2023,Plate Number,Used,,,,,kh24,,,
,,,,,,,,,,,,,,,kh24,,,
11235905,36000,Cars for Sale,,,,Kia,EV5,2024,Tax Paper,New,SUV,,,,kh24,,,
,,,,,,,,,,,,,,,kh24,,,
11685898,1150,Motorcycles For Sale,,,,Suzuki,DJebel,2004,Plate Number,Used,,,,,kh24,,,
11685904,900,Motorcycles For Sale,,,,Suzuki,Big Boy,2004,Plate Number,Used,,,,,kh24,,,
,,,,,,,,,,,,,,,kh24,,,
11696625,62500,Cars for Sale,,,,Land Rover,Rangerover Velar,2018,Plate Number,Used,SUV,,,,kh24,,,
,,,,,,,,,,,,,,,kh24,,,
11534370,8800,Motorcycles For Sale,,,,Kawasaki,Z Series,2020,Plate Number,Used,,,,,kh24,,,
,,,,,,,,,,,,,,,kh24,,,
,,,,,,,,,,,,,,,kh24,,,
11187174,29000,Cars for Sale,,,,Land Rover,Range Rover Sport,2013,Plate Number,Used,SUV,,,,kh24,,,
,,,,,,,,,,,,,,,kh24,,,
,,,,,,,,,,,,,,,kh24,,,
,,,,,,,,,,,,,,,kh24,,,
,,,,,,,,,,,,,,,kh24,,,
,,,,,,,,,,,,,,,kh24,,,
11694593,19500,Cars for Sale,,,,Toyota,Prius,2010,Tax Paper,New,Sedan,,,,kh24,,,
11633105,18500,Cars for Sale,,,,Toyota,Prius,2010,Tax Paper,New,Hatchback,,,,kh24,,,
11575606,16600,Cars for Sale,,,,Toyota,Prius,2011,Tax Paper,New,Hatchback,,,,kh24,,,
,,,,,,,,,,,,,,,kh24,,,
11504681,12000,Cars for Sale,,,,Toyota,RAV4,2004,Plate Number,Used,SUV,,,,kh24,,,
,,,,,,,,,,,,,,,kh24,,,
,,,,,,,,,,,,,,,kh24,,,
,,,,,,,,,,,,,,,kh24,,,
,,,,,,,,,,,,,,,kh24,,,
,,,,,,,,,,,,,,,kh24,,,
11526755,21900,Cars for Sale,,,,Lexus,HS,2010,Tax Paper,Used,Hatchback,,,,kh24,,,
11551804,1345,Vehicles For Rent,,,,,,,,,,,,,kh24,,,
,,,,,,,,,,,,,,,kh24,,,
11552163,210,Bicycles,,,,,,,,Used,,,,,kh24,,,
11541639,13900,Cars for Sale,,,,Other,,2021,Plate Number,Used,SUV,,,,kh24,,,
11405180,40,Vehicles For Rent,,,,,,,,,,,,,kh24,,,
,,,,,,,,,,,,,,,kh24,,,
11588117,19300,Cars for Sale,,,,Toyota,Prius,2010,Tax Paper,New,Hatchback,,,,kh24,,,
,,,,,,,,,,,,,,,kh24,,,
11568588,108000,Cars for Sale,,,,Mercedes-Benz,Maybach,2016,Plate Number,Used,Sedan,,,,kh24,,,
11583544,21,Vehicles For Rent,,,,,,,,,,,,,kh24,,,
11617282,17500,Cars for Sale,,,,Toyota,Prius,2010,Tax Paper,New,Hatchback,,,,kh24,,,
11676433,163800,Cars for Sale,,,,Toyota,Land Cruiser,2023,Plate Number,Used,SUV,,,,kh24,,,
,,,,,,,,,,,,,,,kh24,,,
11503455,18500,Cars for Sale,,,,Toyota,Prius,2010,Plate Number,Used,,,,,kh24,,,
11552346,5555,Motorcycles For Sale,,,,Other,,2012,Plate Number,Used,,,,,kh24,,,
11630597,17500,Cars for Sale,,,,Lexus,RX330,2004,Plate Number,Used,SUV,,,,kh24,,,
,,,,,,,,,,,,,,,kh24,,,
,,,,,,,,,,,,,,,kh24,,,
,,,,,,,,,,,,,,,kh24,,,
11577769,19500,Cars for Sale,,,,Toyota,Prius,2010,Tax Paper,Used,Sedan,,,,kh24,,,
11668836,26000,Cars for Sale,,,,HUMMER,H2 SUT,2008,Plate Number,Used,Pickup,,,,kh24,,,
11231819,790,Motorcycles For Sale,,,,Honda,Zoomer-X,2017,Plate Number,Used,,,,,kh24,,,
11448750,24550,Cars for Sale,,,,Audi,A5,2011,Plate Number,Used,Hatchback,,,,kh24,,,
11684072,18800,Cars for Sale,,,,Toyota,Prius,2013,Tax Paper,Used,Hatchback,,,,kh24,,,
11577749,23500,Cars for Sale,,,,Toyota,Prius,2012,Tax Paper,Used,Sedan,,,,kh24,,,
11610043,14800,Cars for Sale,,,,BMW,I3,2014,Tax Paper,Used,SUV,,,,kh24,,,
,,,,,,,,,,,,,,,kh24,,,
11377674,18900,Cars for Sale,,,,Toyota,Prius,2010,Tax Paper,Used,Sedan,,,,kh24,,,
,,,,,,,,,,,,,,,kh24,,,
11651363,150,Parts & Accessories,,,,,,,,New,,,,,kh24,,,
11651360,35,Parts & Accessories,,,,,,,,New,,,,,kh24,,,
11651365,3999,Bicycles,,,,,,,,Used,,,,,kh24,,,
11651366,60,Parts & Accessories,,,,,,,,New,,,,,kh24,,,
11530883,20900,Cars for Sale,,,,Toyota,Prius,2010,Tax Paper,Used,Sedan,,,,kh24,,,
11651368,8,Parts & Accessories,,,,,,,,New,,,,,kh24,,,
11495512,20900,Cars for Sale,,,,Toyota,Prius,2010,Tax Paper,Used,Sedan,,,,kh24,,,
,,,,,,,,,,,,,,,kh24,,,
,,,,,,,,,,,,,,,kh24,,,
11691102,1421,Motorcycles For Sale,,,,Kawasaki,Ninja,2010,Plate Number,Used,,,,,kh24,,,
11690703,64800,Cars for Sale,,,,Toyota,Alphard,2015,Tax Paper,New,MPV (Minivan),,,,kh24,,,
11499974,30,Vehicles For Rent,,,,,,,,,,,,,kh24,,,
,,,,,,,,,,,,,,,kh24,,,
11685054,12000,Cars for Sale,,,,Kia,Morning,2017,Plate Number,Used,Hatchback,,,,kh24,,,
11614313,60,Vehicles For Rent,,,,,,,,,,,,,kh24,,,
,,,,,,,,,,,,,,,kh24,,,
11689459,25500,Cars for Sale,,,,Land Rover,Discovery 4,2011,Plate Number,Used,SUV,,,,kh24,,,
11676661,57500,Cars for Sale,,,,Toyota,Land Cruiser,2012,Plate Number,Used,SUV,,,,kh24,,,
,,,,,,,,,,,,,,,kh24,,,
,,,,,,,,,,,,,,,kh24,,,
11341947,49999,Cars for Sale,,,,Land Rover,Range Rover,2014,Tax Paper,Used,SUV,,,,kh24,,,
11666465,1900,Motorcycles For Sale,,,,Yamaha,Other,2020,Plate Number,Used,,,,,kh24,,,
11620691,18000,Cars for Sale,,,,Hyundai,Santa Fe,2018,Plate Number,Used,SUV,,,,kh24,,,
,,,,,,,,,,,,,,,kh24,,,
11687900,10800,Cars for Sale,,,,Toyota,Camry,2003,Plate Number,Used,Sedan,,,,kh24,,,
11198332,19989,Cars for Sale,,,,Toyota,Prius,2012,Tax Paper,New,Hatchback,,,,kh24,,,
11607391,16900,Cars for Sale,,,,Toyota,Prius,2010,Tax Paper,Used,Hatchback,,,,kh24,,,
11699914,270,Parts & Accessories,,,,,,,,Used,,,,,kh24,,,
11596246,50600,Cars for Sale,,,,Toyota,Hilux Rally,2025,Tax Paper,New,,,,,kh24,,,
11651892,95,Bicycles,,,,,,,,Used,,,,,kh24,,,
11177063,7,Parts & Accessories,,,,,,,,New,,,,,kh24,,,
,,,,,,,,,,,,,,,kh24,,,
11685300,2450,Motorcycles For Sale,,,,Honda,LEAD,2023,Tax Paper,Used,,,,,kh24,,,
11699908,250,Vehicles For Rent,,,,,,,,,,,,,kh24,,,
,,,,,,,,,,,,,,,kh24,,,
11369053,5900,Cars for Sale,,,,Mercedes-Benz,E 280,2003,Plate Number,Used,Sedan,,,,kh24,,,
11538124,5900,Cars for Sale,,,,Isuzu,D-MAX,2004,Plate Number,Used,Pickup,,,,kh24,,,
11506581,10400,Cars for Sale,,,,Toyota,Land Cruiser,2001,Plate Number,Used,SUV,,,,kh24,,,
,,,,,,,,,,,,,,,kh24,,,
11382009,25000,Cars for Sale,,,,Toyota,Land Cruiser,2013,Tax Paper,Used,SUV,,,,kh24,,,
11581073,60000,Cars for Sale,,,,Toyota,Alphard,2015,Plate Number,Used,MPV (Minivan),,,,kh24,,,
11666465,1900,Motorcycles For Sale,,,,Yamaha,Other,2020,Plate Number,Used,,,,,kh24,,,
11690148,56500,Cars for Sale,,,,Toyota,Alphard,2016,Plate Number,Used,MPV (Minivan),,,,kh24,,,
11610026,22500,Cars for Sale,,,,Audi,Q7,2014,Tax Paper,Used,SUV,,,,kh24,,,
,,,,,,,,,,,,,,,kh24,,,
,,,,,,,,,,,,,,,kh24,,,
,,,,,,,,,,,,,,,kh24,,,
,,,,,,,,,,,,,,,kh24,,,
,,,,,,,,,,,,,,,kh24,,,
,,,,,,,,,,,,,,,kh24,,,
,,,,,,,,,,,,,,,kh24,,,
,,,,,,,,,,,,,,,kh24,,,
,,,,,,,,,,,,,,,kh24,,,
,,,,,,,,,,,,,,,kh24,,,
,,,,,,,,,,,,,,,kh24,,,
,,,,,,,,,,,,,,,kh24,,,
,,,,,,,,,,,,,,,kh24,,,
,,,,,,,,,,,,,,,kh24,,,
,,,,,,,,,,,,,,,kh24,,,
,,,,,,,,,,,,,,,kh24,,,
,,,,,,,,,,,,,,,kh24,,,
,,,,,,,,,,,,,,,kh24,,,
,,,,,,,,,,,,,,,kh24,,,
,,,,,,,,,,,,,,,kh24,,,
,,,,,,,,,,,,,,,kh24,,,
,,,,,,,,,,,,,,,kh24,,,
11443843,17015,Cars for Sale,,,,Lexus,IS,2006,Plate Number,Used,Sedan,,,,kh24,,,
,,,,,,,,,,,,,,,kh24,,,
,,,,,,,,,,,,,,,kh24,,,
,,,,,,,,,,,,,,,kh24,,,
,,,,,,,,,,,,,,,kh24,,,
,,,,,,,,,,,,,,,kh24,,,
11699895,75,Vehicles For Rent,,,,,,,,,,,,,kh24,,,
,,,,,,,,,,,,,,,kh24,,,
11689459,25500,Cars for Sale,,,,Land Rover,Discovery 4,2011,Plate Number,Used,SUV,,,,kh24,,,
,,,,,,,,,,,,,,,kh24,,,
11614313,60,Vehicles For Rent,,,,,,,,,,,,,kh24,,,
,,,,,,,,,,,,,,,kh24,,,
11461192,1,Parts & Accessories,,,,,,,,New,,,,,kh24,,,
,,,,,,,,,,,,,,,kh24,,,
,,,,,,,,,,,,,,,kh24,,,
11427702,1,Maintenance & Repair,,,,,,,,,,,,,kh24,,,
,,,,,,,,,,,,,,,kh24,,,
,,,,,,,,,,,,,,,kh24,,,
11461220,1,Parts & Accessories,,,,,,,,New,,,,,kh24,,,
,,,,,,,,,,,,,,,kh24,,,
,,,,,,,,,,,,,,,kh24,,,
,,,,,,,,,,,,,,,kh24,,,
,,,,,,,,,,,,,,,kh24,,,
,,,,,,,,,,,,,,,kh24,,,
11317839,14500,Motorcycles For Sale,,,,Harley Davidson,,2014,Tax Paper,Used,,,,,kh24,,,
,,,,,,,,,,,,,,,kh24,,,
11474665,7250,Motorcycles For Sale,,,,Honda,NC,2017,Tax Paper,Used,,,,,kh24,,,
,,,,,,,,,,,,,,,kh24,,,
,,,,,,,,,,,,,,,kh24,,,
11664806,17200,Cars for Sale,,,,Toyota,Prius,2014,Tax Paper,Used,Sedan,,,,kh24,,,
11243880,3,Parts & Accessories,,,,,,,,New,,,,,kh24,,,
11394483,540,Vehicles For Rent,,,,,,,,,,,,,kh24,,,
,,,,,,,,,,,,,,,kh24,,,
11660090,19900,Cars for Sale,,,,Toyota,Prius,2013,Tax Paper,New,Hatchback,,,,kh24,,,
11686281,19699,Cars for Sale,,,,Lexus,CT,2012,Plate Number,Used,Hatchback,,,,kh24,,,
11450558,19500,Cars for Sale,,,,Toyota,Prius,2010,Tax Paper,Used,Sedan,,,,kh24,,,
11387702,1750,Motorcycles For Sale,,,,Yamaha,Grand Filano,2017,Tax Paper,Used,,,,,kh24,,,
11671348,6200,Cars for Sale,,,,Lexus,RX300,1999,Plate Number,Used,SUV,,,,kh24,,,
11434552,33999,Cars for Sale,,,,Land Rover,Range Rover Sport,2014,Plate Number,Used,SUV,,,,kh24,,,
11551796,3495,Vehicles For Rent,,,,,,,,,,,,,kh24,,,
11636224,30,Parts & Accessories,,,,,,,,New,,,,,kh24,,,
11448750,24550,Cars for Sale,,,,Audi,A5,2011,Plate Number,Used,Hatchback,,,,kh24,,,
11611695,42000,Cars for Sale,,,,Toyota,Land Cruiser,2010,Plate Number,Used,SUV,,,,kh24,,,
11338821,9990,Motorcycles For Sale,,,,Yamaha,Other,2022,Tax Paper,Used,,,,,kh24,,,
11341947,49999,Cars for Sale,,,,Land Rover,Range Rover,2014,Tax Paper,Used,SUV,,,,kh24,,,
11658944,276,Bicycles,,,,,,,,Used,,,,,kh24,,,
11637441,14000,Cars for Sale,,,,Toyota,Highlander,2002,Plate Number,New,,,,,kh24,,,
,,,,,,,,,,,,,,,kh24,,,
11444071,3550,Motorcycles For Sale,,,,Honda,Shadow Phantom,2012,Plate Number,Used,,,,,kh24,,,
11456779,18500,Cars for Sale,,,,Toyota,Prius,2010,Tax Paper,New,Hatchback,,,,kh24,,,
,,,,,,,,,,,,,,,kh24,,,
11221092,19677,Cars for Sale,,,,Toyota,Prius,2010,Tax Paper,New,Hatchback,,,,kh24,,,
,,,,,,,,,,,,,,,kh24,,,
,,,,,,,,,,,,,,,kh24,,,
,,,,,,,,,,,,,,,kh24,,,
11662955,15000,Cars for Sale,,,,Land Rover,Range Rover Sport,2010,Plate Number,Used,SUV,,,,kh24,,,
,,,,,,,,,,,,,,,kh24,,,
11506890,24500,Cars for Sale,,,,Volkswagen,Jetta,2024,Tax Paper,New,SUV,,,,kh24,,,
11392465,15800,Cars for Sale,,,,Toyota,Camry,2007,Plate Number,Used,,,,,kh24,,,
11690703,64800,Cars for Sale,,,,Toyota,Alphard,2015,Tax Paper,New,MPV (Minivan),,,,kh24,,,
,,,,,,,,,,,,,,,kh24,,,
,,,,,,,,,,,,,,,kh24,,,
11341947,49999,Cars for Sale,,,,Land Rover,Range Rover,2014,Tax Paper,Used,SUV,,,,kh24,,,
,,,,,,,,,,,,,,,kh24,,,
11666465,1900,Motorcycles For Sale,,,,Yamaha,Other,2020,Plate Number,Used,,,,,kh24,,,
,,,,,,,,,,,,,,,kh24,,,
11614313,60,Vehicles For Rent,,,,,,,,,,,,,kh24,,,
11691102,1421,Motorcycles For Sale,,,,Kawasaki,Ninja,2010,Plate Number,Used,,,,,kh24,,,
11505502,25,Maintenance & Repair,,,,,,,,,,,,,kh24,,,
,,,,,,,,,,,,,,,kh24,,,
,,,,,,,,,,,,,,,kh24,,,
,,,,,,,,,,,,,,,kh24,,,
11685054,12000,Cars for Sale,,,,Kia,Morning,2017,Plate Number,Used,Hatchback,,,,kh24,,,
11676661,57500,Cars for Sale,,,,Toyota,Land Cruiser,2012,Plate Number,Used,SUV,,,,kh24,,,
11699878,5800,Cars for Sale,,,,Hyundai,Porter H100,2002,Plate Number,Used,Other,,,,kh24,,,
,,,,,,,,,,,,,,,kh24,,,
11447295,26500,Cars for Sale,,,,GEELY,Coolray,2025,Tax Paper,New,SUV,,,,kh24,,,
11447275,35900,Cars for Sale,,,,GEELY,Other,2025,Tax Paper,New,SUV,,,,kh24,,,
11693800,100,Vehicles For Rent,,,,,,,,,,,,,kh24,,,
11444725,115000,Cars for Sale,,,,Lexus,NX,2024,Tax Paper,New,SUV,,,,kh24,,,
11699876,100,Bicycles,,,,,,,,New,,,,,kh24,,,
,,,,,,,,,,,,,,,kh24,,,
11514941,2350,Motorcycles For Sale,,,,Honda,Winner,2023,Tax Paper,New,,,,,kh24,,,
11583540,20,Vehicles For Rent,,,,,,,,,,,,,kh24,,,
,,,,,,,,,,,,,,,kh24,,,
11657602,75900,Cars for Sale,,,,Lexus,NX,2022,Plate Number,Used,,,,,kh24,,,
,,,,,,,,,,,,,,,kh24,,,
,,,,,,,,,,,,,,,kh24,,,
,,,,,,,,,,,,,,,kh24,,,
,,,,,,,,,,,,,,,kh24,,,
,,,,,,,,,,,,,,,kh24,,,
11614313,60,Vehicles For Rent,,,,,,,,,,,,,kh24,,,
,,,,,,,,,,,,,,,kh24,,,
,,,,,,,,,,,,,,,kh24,,,
11668774,12800,Cars for Sale,,,,Toyota,Prius,2008,Tax Paper,New,Sedan,,,,kh24,,,
11689157,12800,Cars for Sale,,,,Toyota,Prius,2008,Tax Paper,New,Hatchback,,,,kh24,,,
11639423,70,Vehicles For Rent,,,,,,,,,,,,,kh24,,,
11696379,80,Vehicles For Rent,,,,,,,,,,,,,kh24,,,
11559469,80,Vehicles For Rent,,,,,,,,,,,,,kh24,,,
,,,,,,,,,,,,,,,kh24,,,
11582943,80,Vehicles For Rent,,,,,,,,,,,,,kh24,,,
11696424,80,Vehicles For Rent,,,,,,,,,,,,,kh24,,,
11590565,20899,Cars for Sale,,,,Toyota,Prius,2013,Tax Paper,New,Hatchback,,,,kh24,,,
,,,,,,,,,,,,,,,kh24,,,
,,,,,,,,,,,,,,,kh24,,,
,,,,,,,,,,,,,,,kh24,,,
,,,,,,,,,,,,,,,kh24,,,
11639017,12100,Cars for Sale,,,,Toyota,Prius,2009,Plate Number,Used,Sedan,,,,kh24,,,
11699869,3500,Motorcycles For Sale,,,,Lambretta,Other,2024,Tax Paper,New,,,,,kh24,,,
,,,,,,,,,,,,,,,kh24,,,
,,,,,,,,,,,,,,,kh24,,,
11661501,212000,Cars for Sale,,,,Lexus,LM,2024,Plate Number,Used,MPV (Minivan),,,,kh24,,,
,,,,,,,,,,,,,,,kh24,,,
11614313,60,Vehicles For Rent,,,,,,,,,,,,,kh24,,,
11684072,18800,Cars for Sale,,,,Toyota,Prius,2013,Tax Paper,Used,Hatchback,,,,kh24,,,
,,,,,,,,,,,,,,,kh24,,,
11661773,176000,Cars for Sale,,,,Rolls-Royce,Phantom,2015,Plate Number,New,Sedan,,,,kh24,,,
,,,,,,,,,,,,,,,kh24,,,
11423252,370,Vehicles For Rent,,,,,,,,,,,,,kh24,,,
,,,,,,,,,,,,,,,kh24,,,
,,,,,,,,,,,,,,,kh24,,,
11433673,450,Bicycles,,,,,,,,Used,,,,,kh24,,,
,,,,,,,,,,,,,,,kh24,,,
,,,,,,,,,,,,,,,kh24,,,
11579191,870,Motorcycles For Sale,,,,Yamaha,FZ,2015,Plate Number,Used,,,,,kh24,,,
11672273,18900,Cars for Sale,,,,Toyota,Prius,2012,Tax Paper,Used,Sedan,,,,kh24,,,
11444192,258000,Cars for Sale,,,,Lexus,LX600,2025,Tax Paper,New,SUV,,,,kh24,,,
,,,,,,,,,,,,,,,kh24,,,
11639311,2280,Motorcycles For Sale,,,,Honda,Dream,2022,Plate Number,Used,,,,,kh24,,,
,,,,,,,,,,,,,,,kh24,,,
,,,,,,,,,,,,,,,kh24,,,
11610026,22500,Cars for Sale,,,,Audi,Q7,2014,Tax Paper,Used,SUV,,,,kh24,,,
11685054,12000,Cars for Sale,,,,Kia,Morning,2017,Plate Number,Used,Hatchback,,,,kh24,,,
11690703,64800,Cars for Sale,,,,Toyota,Alphard,2015,Tax Paper,New,MPV (Minivan),,,,kh24,,,
11499974,30,Vehicles For Rent,,,,,,,,,,,,,kh24,,,
11666465,1900,Motorcycles For Sale,,,,Yamaha,Other,2020,Plate Number,Used,,,,,kh24,,,
,,,,,,,,,,,,,,,kh24,,,
11684072,18800,Cars for Sale,,,,Toyota,Prius,2013,Tax Paper,Used,Hatchback,,,,kh24,,,
11676661,57500,Cars for Sale,,,,Toyota,Land Cruiser,2012,Plate Number,Used,SUV,,,,kh24,,,
11689459,25500,Cars for Sale,,,,Land Rover,Discovery 4,2011,Plate Number,Used,SUV,,,,kh24,,,
,,,,,,,,,,,,,,,kh24,,,
,,,,,,,,,,,,,,,kh24,,,
,,,,,,,,,,,,,,,kh24,,,
11691102,1421,Motorcycles For Sale,,,,Kawasaki,Ninja,2010,Plate Number,Used,,,,,kh24,,,
,,,,,,,,,,,,,,,kh24,,,
,,,,,,,,,,,,,,,kh24,,,
11406091,16500,Cars for Sale,,,,Toyota,Prius,2010,Tax Paper,Used,Sedan,,,,kh24,,,
11670160,200,Vehicles For Rent,,,,,,,,,,,,,kh24,,,
11670139,250,Vehicles For Rent,,,,,,,,,,,,,kh24,,,
11427332,19999,Cars for Sale,,,,GTV,SOBEN,2024,Tax Paper,New,SUV,,,,kh24,,,
,,,,,,,,,,,,,,,kh24,,,
11370706,24500,Cars for Sale,,,,Volkswagen,Jetta,2024,Tax Paper,New,SUV,,,,kh24,,,
11577520,125000,Cars for Sale,,,,Li,L9,2024,Tax Paper,New,SUV,,,,kh24,,,
11685302,24500,Cars for Sale,,,,BESTUNE,NAT,2024,Tax Paper,New,MPV (Minivan),,,,kh24,,,
11343560,16500,Cars for Sale,,,,Leapmotor,T03,2024,Tax Paper,New,Sedan,,,,kh24,,,
11333786,148000,Cars for Sale,,,,DENZA,D9,2024,Tax Paper,New,MPV (Minivan),,,,kh24,,,
11349023,48888,Cars for Sale,,,,Tesla,Model 3,2024,Tax Paper,New,Sedan,,,,kh24,,,
11628053,8800,Cars for Sale,,,,Toyota,Prius,2005,Plate Number,Used,,,,,kh24,,,
11356205,68500,Cars for Sale,,,,GAC,GN8,2024,Tax Paper,New,MPV (Minivan),,,,kh24,,,
11322911,112000,Cars for Sale,,,,DENZA,D9,2024,Tax Paper,New,MPV (Minivan),,,,kh24,,,
11329431,36500,Cars for Sale,,,,Leapmotor,C11,2024,Tax Paper,New,SUV,,,,kh24,,,
11399784,40,Vehicles For Rent,,,,,,,,,,,,,kh24,,,
,,,,,,,,,,,,,,,kh24,,,
,,,,,,,,,,,,,,,kh24,,,
11640409,99000,Cars for Sale,,,,Toyota,Alphard,2019,Plate Number,Used,MPV (Minivan),,,,kh24,,,
11337009,41000,Cars for Sale,,,,Leapmotor,C11,2024,Tax Paper,New,SUV,,,,kh24,,,
11341010,73000,Cars for Sale,,,,Li,L6,2024,Tax Paper,New,SUV,,,,kh24,,,
11356338,90800,Cars for Sale,,,,DENZA,D9,2024,Tax Paper,New,MPV (Minivan),,,,kh24,,,
11326044,49500,Cars for Sale,,,,Tesla,Model 3,2024,Tax Paper,New,Sedan,,,,kh24,,,
,,,,,,,,,,,,,,,kh24,,,
11333617,59000,Cars for Sale,,,,GAC,GN8,2024,Tax Paper,New,MPV (Minivan),,,,kh24,,,
,,,,,,,,,,,,,,,kh24,,,
11330220,17500,Cars for Sale,,,,Leapmotor,T03,2024,Tax Paper,New,Hatchback,,,,kh24,,,
11405343,16500,Cars for Sale,,,,Leapmotor,T03,2024,Tax Paper,New,Hatchback,,,,kh24,,,
,,,,,,,,,,,,,,,kh24,,,
11672575,123000,Cars for Sale,,,,Li,L9,2024,Tax Paper,New,SUV,,,,kh24,,,
,,,,,,,,,,,,,,,kh24,,,
,,,,,,,,,,,,,,,kh24,,,
,,,,,,,,,,,,,,,kh24,,,
,,,,,,,,,,,,,,,kh24,,,
11676661,57500,Cars for Sale,,,,Toyota,Land Cruiser,2012,Plate Number,Used,SUV,,,,kh24,,,
11341947,49999,Cars for Sale,,,,Land Rover,Range Rover,2014,Tax Paper,Used,SUV,,,,kh24,,,
11684072,18800,Cars for Sale,,,,Toyota,Prius,2013,Tax Paper,Used,Hatchback,,,,kh24,,,
,,,,,,,,,,,,,,,kh24,,,
11690703,64800,Cars for Sale,,,,Toyota,Alphard,2015,Tax Paper,New,MPV (Minivan),,,,kh24,,,
,,,,,,,,,,,,,,,kh24,,,
11685054,12000,Cars for Sale,,,,Kia,Morning,2017,Plate Number,Used,Hatchback,,,,kh24,,,
,,,,,,,,,,,,,,,kh24,,,
11620691,18000,Cars for Sale,,,,Hyundai,Santa Fe,2018,Plate Number,Used,SUV,,,,kh24,,,
,,,,,,,,,,,,,,,kh24,,,
11691102,1421,Motorcycles For Sale,,,,Kawasaki,Ninja,2010,Plate Number,Used,,,,,kh24,,,
11689635,24500,Cars for Sale,,,,BESTUNE,NAT,2025,Tax Paper,New,MPV (Minivan),,,,kh24,,,
11666251,145000,Cars for Sale,,,,DENZA,D9,2024,Tax Paper,New,MPV (Minivan),,,,kh24,,,
11672307,24500,Cars for Sale,,,,Volkswagen,Jetta,2024,Tax Paper,New,SUV,,,,kh24,,,
,,,,,,,,,,,,,,,kh24,,,
,,,,,,,,,,,,,,,kh24,,,
11443012,30,Parts & Accessories,,,,,,,,New,,,,,kh24,,,
11485475,30,Parts & Accessories,,,,,,,,New,,,,,kh24,,,
11699853,8100,Cars for Sale,,,,Toyota,Prius,2004,Plate Number,Used,,,,,kh24,,,
,,,,,,,,,,,,,,,kh24,,,
,,,,,,,,,,,,,,,kh24,,,
11676943,1030,Bicycles,,,,,,,,New,,,,,kh24,,,
11594495,4550,Motorcycles For Sale,,,,Honda,NC,2013,Tax Paper,Used,,,,,kh24,,,
,,,,,,,,,,,,,,,kh24,,,
,,,,,,,,,,,,,,,kh24,,,
,,,,,,,,,,,,,,,kh24,,,
11692665,799,Bicycles,,,,,,,,New,,,,,kh24,,,
,,,,,,,,,,,,,,,kh24,,,
11689459,25500,Cars for Sale,,,,Land Rover,Discovery 4,2011,Plate Number,Used,SUV,,,,kh24,,,
11537558,51200,Cars for Sale,,,,Toyota,Alphard,2015,Tax Paper,Used,Other,,,,kh24,,,
11694593,19500,Cars for Sale,,,,Toyota,Prius,2010,Tax Paper,New,Sedan,,,,kh24,,,
11592650,9000,Motorcycles For Sale,,,,Triumph,Other,2018,Plate Number,Used,,,,,kh24,,,
11593997,4500,Motorcycles For Sale,,,,Royal Enfield,GT650,2015,Plate Number,New,,,,,kh24,,,
,,,,,,,,,,,,,,,kh24,,,
11699848,8250,Cars for Sale,,,,Toyota,Prius,2004,Plate Number,Used,Sedan,,,,kh24,,,
,,,,,,,,,,,,,,,kh24,,,
,,,,,,,,,,,,,,,kh24,,,
,,,,,,,,,,,,,,,kh24,,,
,,,,,,,,,,,,,,,kh24,,,
,,,,,,,,,,,,,,,kh24,,,
,,,,,,,,,,,,,,,kh24,,,
,,,,,,,,,,,,,,,kh24,,,
,,,,,,,,,,,,,,,kh24,,,
,,,,,,,,,,,,,,,kh24,,,
,,,,,,,,,,,,,,,kh24,,,
,,,,,,,,,,,,,,,kh24,,,
,,,,,,,,,,,,,,,kh24,,,
,,,,,,,,,,,,,,,kh24,,,
,,,,,,,,,,,,,,,kh24,,,
11614313,60,Vehicles For Rent,,,,,,,,,,,,,kh24,,,
,,,,,,,,,,,,,,,kh24,,,
,,,,,,,,,,,,,,,kh24,,,
,,,,,,,,,,,,,,,kh24,,,
11666465,1900,Motorcycles For Sale,,,,Yamaha,Other,2020,Plate Number,Used,,,,,kh24,,,
11399784,40,Vehicles For Rent,,,,,,,,,,,,,kh24,,,
11684072,18800,Cars for Sale,,,,Toyota,Prius,2013,Tax Paper,Used,Hatchback,,,,kh24,,,
,,,,,,,,,,,,,,,kh24,,,
11691102,1421,Motorcycles For Sale,,,,Kawasaki,Ninja,2010,Plate Number,Used,,,,,kh24,,,
11499974,30,Vehicles For Rent,,,,,,,,,,,,,kh24,,,
11611695,42000,Cars for Sale,,,,Toyota,Land Cruiser,2010,Plate Number,Used,SUV,,,,kh24,,,
,,,,,,,,,,,,,,,kh24,,,
,,,,,,,,,,,,,,,kh24,,,
11302008,23500,Cars for Sale,,,,Lexus,LX470,2003,Plate Number,Used,,,,,kh24,,,
,,,,,,,,,,,,,,,kh24,,,
,,,,,,,,,,,,,,,kh24,,,
11684643,5500,Cars for Sale,,,,Lexus,LX450,1996,Plate Number,Used,SUV,,,,kh24,,,
11679291,6500,Cars for Sale,,,,SsangYong,Other,2007,Plate Number,Used,,,,,kh24,,,
,,,,,,,,,,,,,,,kh24,,,
,,,,,,,,,,,,,,,kh24,,,
,,,,,,,,,,,,,,,kh24,,,
11549297,10300,Cars for Sale,,,,Toyota,Prius,2006,Plate Number,New,,,,,kh24,,,
11672225,9600,Cars for Sale,,,,Toyota,Prius,2006,Plate Number,Used,Sedan,,,,kh24,,,
11660322,13008,Cars for Sale,,,,Kia,Morning,2017,Tax Paper,New,Hatchback,,,,kh24,,,
,,,,,,,,,,,,,,,kh24,,,
,,,,,,,,,,,,,,,kh24,,,
11396715,40,Vehicles For Rent,,,,,,,,,,,,,kh24,,,
,,,,,,,,,,,,,,,kh24,,,
11676661,57500,Cars for Sale,,,,Toyota,Land Cruiser,2012,Plate Number,Used,SUV,,,,kh24,,,
11231819,790,Motorcycles For Sale,,,,Honda,Zoomer-X,2017,Plate Number,Used,,,,,kh24,,,
,,,,,,,,,,,,,,,kh24,,,
,,,,,,,,,,,,,,,kh24,,,
11551807,1495,Vehicles For Rent,,,,,,,,,,,,,kh24,,,
11270709,26000,Cars for Sale,,,,GAC,GS3,2025,Tax Paper,New,SUV,,,,kh24,,,
11526238,21500,Cars for Sale,,,,Lexus,HS,2010,Tax Paper,New,Sedan,,,,kh24,,,
11686723,76800,Cars for Sale,,,,Toyota,Land Cruiser,2016,Plate Number,Used,SUV,,,,kh24,,,
,,,,,,,,,,,,,,,kh24,,,
11475193,1650,Motorcycles For Sale,,,,Yamaha,XMax,2016,Tax Paper,New,,,,,kh24,,,
,,,,,,,,,,,,,,,kh24,,,
11699837,7900,Cars for Sale,,,,Toyota,Prius,2005,Plate Number,Used,,,,,kh24,,,
,,,,,,,,,,,,,,,kh24,,,
11253294,40,Bicycles,,,,,,,,Used,,,,,kh24,,,
11201872,15,Parts & Accessories,,,,,,,,New,,,,,kh24,,,
,,,,,,,,,,,,,,,kh24,,,
,,,,,,,,,,,,,,,kh24,,,
,,,,,,,,,,,,,,,kh24,,,
,,,,,,,,,,,,,,,kh24,,,
,,,,,,,,,,,,,,,kh24,,,
,,,,,,,,,,,,,,,kh24,,,
,,,,,,,,,,,,,,,kh24,,,
,,,,,,,,,,,,,,,kh24,,,
,,,,,,,,,,,,,,,kh24,,,
,,,,,,,,,,,,,,,kh24,,,
,,,,,,,,,,,,,,,kh24,,,
,,,,,,,,,,,,,,,kh24,,,
,,,,,,,,,,,,,,,kh24,,,
,,,,,,,,,,,,,,,kh24,,,
,,,,,,,,,,,,,,,kh24,,,
,,,,,,,,,,,,,,,kh24,,,
11420085,1100,Vehicles For Rent,,,,,,,,,,,,,kh24,,,
,,,,,,,,,,,,,,,kh24,,,
11448750,24550,Cars for Sale,,,,Audi,A5,2011,Plate Number,Used,Hatchback,,,,kh24,,,
,,,,,,,,,,,,,,,kh24,,,
,,,,,,,,,,,,,,,kh24,,,
11614313,60,Vehicles For Rent,,,,,,,,,,,,,kh24,,,
,,,,,,,,,,,,,,,kh24,,,
,,,,,,,,,,,,,,,kh24,,,
,,,,,,,,,,,,,,,kh24,,,
,,,,,,,,,,,,,,,kh24,,,
11699831,37500,Cars for Sale,,,,Lexus,NX,2015,Tax Paper,Used,,,,,kh24,,,
11543349,33500,Cars for Sale,,,,Kia,EV5,2024,Tax Paper,New,SUV,,,,kh24,,,
11534350,10500,Motorcycles For Sale,,,,Harley Davidson,,2016,Tax Paper,Used,,,,,kh24,,,
,,,,,,,,,,,,,,,kh24,,,
,,,,,,,,,,,,,,,kh24,,,
,,,,,,,,,,,,,,,kh24,,,
11540127,3350,Motorcycles For Sale,,,,Honda,ADV,2021,Plate Number,Used,,,,,kh24,,,
,,,,,,,,,,,,,,,kh24,,,
,,,,,,,,,,,,,,,kh24,,,
,,,,,,,,,,,,,,,kh24,,,
,,,,,,,,,,,,,,,kh24,,,
,,,,,,,,,,,,,,,kh24,,,
,,,,,,,,,,,,,,,kh24,,,
11611695,42000,Cars for Sale,,,,Toyota,Land Cruiser,2010,Plate Number,Used,SUV,,,,kh24,,,
11691102,1421,Motorcycles For Sale,,,,Kawasaki,Ninja,2010,Plate Number,Used,,,,,kh24,,,
,,,,,,,,,,,,,,,kh24,,,
,,,,,,,,,,,,,,,kh24,,,
11610026,22500,Cars for Sale,,,,Audi,Q7,2014,Tax Paper,Used,SUV,,,,kh24,,,
11684072,18800,Cars for Sale,,,,Toyota,Prius,2013,Tax Paper,Used,Hatchback,,,,kh24,,,
11676661,57500,Cars for Sale,,,,Toyota,Land Cruiser,2012,Plate Number,Used,SUV,,,,kh24,,,
11614313,60,Vehicles For Rent,,,,,,,,,,,,,kh24,,,
,,,,,,,,,,,,,,,kh24,,,
11187207,670,Motorcycles For Sale,,,,Yamaha,FZ,2013,Plate Number,Used,,,,,kh24,,,
,,,,,,,,,,,,,,,kh24,,,
11488285,16999,Cars for Sale,,,,Toyota,Highlander,2003,Plate Number,Used,Other,,,,kh24,,,
,,,,,,,,,,,,,,,kh24,,,
,,,,,,,,,,,,,,,kh24,,,
,,,,,,,,,,,,,,,kh24,,,
,,,,,,,,,,,,,,,kh24,,,
11699819,10500,Cars for Sale,,,,Lexus,RX300,2001,Plate Number,Used,,,,,kh24,,,
11699818,780,Motorcycles For Sale,,,,Honda,Zoomer-X,2016,Plate Number,Used,,,,,kh24,,,
,,,,,,,,,,,,,,,kh24,,,
,,,,,,,,,,,,,,,kh24,,,
11580417,22800,Cars for Sale,,,,Toyota,Prius,2013,Tax Paper,New,Sedan,,,,kh24,,,
,,,,,,,,,,,,,,,kh24,,,
,,,,,,,,,,,,,,,kh24,,,
,,,,,,,,,,,,,,,kh24,,,
11499587,30500,Cars for Sale,,,,Mercedes-Benz,CLA AMG 45,2014,Plate Number,Used,Sedan,,,,kh24,,,
11684072,18800,Cars for Sale,,,,Toyota,Prius,2013,Tax Paper,Used,Hatchback,,,,kh24,,,
11399784,40,Vehicles For Rent,,,,,,,,,,,,,kh24,,,
,,,,,,,,,,,,,,,kh24,,,
11231819,790,Motorcycles For Sale,,,,Honda,Zoomer-X,2017,Plate Number,Used,,,,,kh24,,,
11552829,250,Parts & Accessories,,,,,,,,New,,,,,kh24,,,
11552825,10,Maintenance & Repair,,,,,,,,,,,,,kh24,,,
11552827,8,Maintenance & Repair,,,,,,,,,,,,,kh24,,,
11551084,18,Maintenance & Repair,,,,,,,,,,,,,kh24,,,
11551083,45,Maintenance & Repair,,,,,,,,,,,,,kh24,,,
,,,,,,,,,,,,,,,kh24,,,
,,,,,,,,,,,,,,,kh24,,,
11281671,65000,Cars for Sale,,,,GAC,GN8,2024,Tax Paper,New,MPV (Minivan),,,,kh24,,,
11681514,12600,Cars for Sale,,,,Lexus,LX470,2001,Plate Number,Used,SUV,,,,kh24,,,
,,,,,,,,,,,,,,,kh24,,,
,,,,,,,,,,,,,,,kh24,,,
11357298,20,Vehicles For Rent,,,,,,,,,,,,,kh24,,,
,,,,,,,,,,,,,,,kh24,,,
11473151,265000,Cars for Sale,,,,Cadillac,Escalade ESV,2024,Tax Paper,New,,,,,kh24,,,
,,,,,,,,,,,,,,,kh24,,,
,,,,,,,,,,,,,,,kh24,,,
,,,,,,,,,,,,,,,kh24,,,
11690727,2099,Motorcycles For Sale,,,,Honda,Click,2021,Tax Paper,Used,,,,,kh24,,,
11699794,60,Parts & Accessories,,,,,,,,New,,,,,kh24,,,
,,,,,,,,,,,,,,,kh24,,,
,,,,,,,,,,,,,,,kh24,,,
,,,,,,,,,,,,,,,kh24,,,
,,,,,,,,,,,,,,,kh24,,,
11408629,5820,Cars for Sale,,,,Toyota,Scion,2002,Plate Number,Used,Sedan,,,,kh24,,,
11690475,1682,Motorcycles For Sale,,,,Keewey,Superlight,2018,Plate Number,Used,,,,,kh24,,,
,,,,,,,,,,,,,,,kh24,,,
,,,,,,,,,,,,,,,kh24,,,
11566760,4450,Motorcycles For Sale,,,,Honda,Shadow Aero,2020,Tax Paper,New,,,,,kh24,,,
,,,,,,,,,,,,,,,kh24,,,
11678214,8700,Cars for Sale,,,,Toyota,Tacoma,2002,Plate Number,Used,Pickup,,,,kh24,,,
,,,,,,,,,,,,,,,kh24,,,
11231819,790,Motorcycles For Sale,,,,Honda,Zoomer-X,2017,Plate Number,Used,,,,,kh24,,,
11690148,56500,Cars for Sale,,,,Toyota,Alphard,2016,Plate Number,Used,MPV (Minivan),,,,kh24,,,
11684072,18800,Cars for Sale,,,,Toyota,Prius,2013,Tax Paper,Used,Hatchback,,,,kh24,,,
11329802,1200,Motorcycles For Sale,,,,Honda,Super Cub,2019,Tax Paper,New,,,,,kh24,,,
11699787,15,Maintenance & Repair,,,,,,,,,,,,,kh24,,,
11383209,50,Others,,,,,,,,,,,,,kh24,,,
,,,,,,,,,,,,,,,kh24,,,
,,,,,,,,,,,,,,,kh24,,,
11551798,2498,Vehicles For Rent,,,,,,,,,,,,,kh24,,,
,,,,,,,,,,,,,,,kh24,,,
,,,,,,,,,,,,,,,kh24,,,
,,,,,,,,,,,,,,,kh24,,,
11665271,67000,Cars for Sale,,,,Toyota,Vellfire,2016,Tax Paper,Used,MPV (Minivan),,,,kh24,,,
,,,,,,,,,,,,,,,kh24,,,
,,,,,,,,,,,,,,,kh24,,,
11620691,18000,Cars for Sale,,,,Hyundai,Santa Fe,2018,Plate Number,Used,SUV,,,,kh24,,,
11666465,1900,Motorcycles For Sale,,,,Yamaha,Other,2020,Plate Number,Used,,,,,kh24,,,
11611695,42000,Cars for Sale,,,,Toyota,Land Cruiser,2010,Plate Number,Used,SUV,,,,kh24,,,
,,,,,,,,,,,,,,,kh24,,,
,,,,,,,,,,,,,,,kh24,,,
,,,,,,,,,,,,,,,kh24,,,
,,,,,,,,,,,,,,,kh24,,,
11499974,30,Vehicles For Rent,,,,,,,,,,,,,kh24,,,
11614313,60,Vehicles For Rent,,,,,,,,,,,,,kh24,,,
11610026,22500,Cars for Sale,,,,Audi,Q7,2014,Tax Paper,Used,SUV,,,,kh24,,,
,,,,,,,,,,,,,,,kh24,,,
11505502,25,Maintenance & Repair,,,,,,,,,,,,,kh24,,,
,,,,,,,,,,,,,,,kh24,,,
,,,,,,,,,,,,,,,kh24,,,
11559002,23900,Cars for Sale,,,,GAC,GS4,2023,Plate Number,Used,SUV,,,,kh24,,,
11688468,6190,Cars for Sale,,,,Kia,Morning,2008,Tax Paper,Used,,,,,kh24,,,
11227870,18300,Cars for Sale,,,,Toyota,Prius,2010,Tax Paper,New,Hatchback,,,,kh24,,,
11509315,18800,Cars for Sale,,,,Toyota,Prius,2010,Tax Paper,New,Hatchback,,,,kh24,,,
11201528,18677,Cars for Sale,,,,Toyota,Prius,2010,Tax Paper,New,Hatchback,,,,kh24,,,
11617382,9800,Cars for Sale,,,,Kia,Ray,2012,Plate Number,Used,MPV (Minivan),,,,kh24,,,
11297126,23500,Cars for Sale,,,,Toyota,Prius,2012,Tax Paper,New,Hatchback,,,,kh24,,,
11538719,49000,Cars for Sale,,,,Land Rover,Range Rover Vogue,2016,Plate Number,Used,,,,,kh24,,,
,,,,,,,,,,,,,,,kh24,,,
,,,,,,,,,,,,,,,kh24,,,
,,,,,,,,,,,,,,,kh24,,,
,,,,,,,,,,,,,,,kh24,,,
,,,,,,,,,,,,,,,kh24,,,
,,,,,,,,,,,,,,,kh24,,,
,,,,,,,,,,,,,,,kh24,,,
,,,,,,,,,,,,,,,kh24,,,
,,,,,,,,,,,,,,,kh24,,,
11696421,45000,Cars for Sale,,,,Lexus,LX570,2008,Plate Number,New,,,,,kh24,,,
11668836,26000,Cars for Sale,,,,HUMMER,H2 SUT,2008,Plate Number,Used,Pickup,,,,kh24,,,
11556134,19900,Cars for Sale,,,,Toyota,Prius,2012,Tax Paper,New,,,,,kh24,,,
11684724,68000,Cars for Sale,,,,Xiaomi,SU7,2024,Tax Paper,New,Sedan,,,,kh24,,,
11685782,68000,Cars for Sale,,,,AVATR,AVATR 12,2024,Tax Paper,New,Sedan,,,,kh24,,,
11589269,21500,Cars for Sale,,,,Toyota,Prius,2012,Tax Paper,New,,,,,kh24,,,
11699771,4999,Motorcycles For Sale,,,,Ducati,Monster,2017,Tax Paper,Used,,,,,kh24,,,
11678621,38500,Cars for Sale,,,,Chevrolet,Trax,2024,Tax Paper,New,SUV,,,,kh24,,,
11685565,1680,Motorcycles For Sale,,,,Yamaha,FZ,2019,Plate Number,Used,,,,,kh24,,,
11550008,349,Vehicles For Rent,,,,,,,,,,,,,kh24,,,
11532721,2999,Motorcycles For Sale,,,,Honda,Shadow Aero,1998,Tax Paper,New,,,,,kh24,,,
,,,,,,,,,,,,,,,kh24,,,
,,,,,,,,,,,,,,,kh24,,,
,,,,,,,,,,,,,,,kh24,,,
11534256,435,Bicycles,,,,,,,,New,,,,,kh24,,,
,,,,,,,,,,,,,,,kh24,,,
,,,,,,,,,,,,,,,kh24,,,
,,,,,,,,,,,,,,,kh24,,,
11399784,40,Vehicles For Rent,,,,,,,,,,,,,kh24,,,
,,,,,,,,,,,,,,,kh24,,,
11685054,12000,Cars for Sale,,,,Kia,Morning,2017,Plate Number,Used,Hatchback,,,,kh24,,,
11694593,19500,Cars for Sale,,,,Toyota,Prius,2010,Tax Paper,New,Sedan,,,,kh24,,,
11666465,1900,Motorcycles For Sale,,,,Yamaha,Other,2020,Plate Number,Used,,,,,kh24,,,
,,,,,,,,,,,,,,,kh24,,,
,,,,,,,,,,,,,,,kh24,,,
11610026,22500,Cars for Sale,,,,Audi,Q7,2014,Tax Paper,Used,SUV,,,,kh24,,,
11620691,18000,Cars for Sale,,,,Hyundai,Santa Fe,2018,Plate Number,Used,SUV,,,,kh24,,,
,,,,,,,,,,,,,,,kh24,,,
,,,,,,,,,,,,,,,kh24,,,
,,,,,,,,,,,,,,,kh24,,,
11611695,42000,Cars for Sale,,,,Toyota,Land Cruiser,2010,Plate Number,Used,SUV,,,,kh24,,,
11581821,305,Bicycles,,,,,,,,New,,,,,kh24,,,
,,,,,,,,,,,,,,,kh24,,,
,,,,,,,,,,,,,,,kh24,,,
,,,,,,,,,,,,,,,kh24,,,
,,,,,,,,,,,,,,,kh24,,,
,,,,,,,,,,,,,,,kh24,,,
,,,,,,,,,,,,,,,kh24,,,
11192778,59500,Cars for Sale,,,,Jeep,Gladiator,2020,Tax Paper,Used,Pickup,,,,kh24,,,
,,,,,,,,,,,,,,,kh24,,,
11420095,599,Vehicles For Rent,,,,,,,,,,,,,kh24,,,
,,,,,,,,,,,,,,,kh24,,,
11386981,19800,Cars for Sale,,,,Toyota,Prius,2011,Tax Paper,Used,Hatchback,,,,kh24,,,
,,,,,,,,,,,,,,,kh24,,,
,,,,,,,,,,,,,,,kh24,,,
,,,,,,,,,,,,,,,kh24,,,
,,,,,,,,,,,,,,,kh24,,,
,,,,,,,,,,,,,,,kh24,,,
11670409,1127,Motorcycles For Sale,,,,Yamaha,M-SLAZ,2016,Plate Number,Used,,,,,kh24,,,
11505502,25,Maintenance & Repair,,,,,,,,,,,,,kh24,,,
11689459,25500,Cars for Sale,,,,Land Rover,Discovery 4,2011,Plate Number,Used,SUV,,,,kh24,,,
11392394,514,Vehicles For Rent,,,,,,,,,,,,,kh24,,,
,,,,,,,,,,,,,,,kh24,,,
,,,,,,,,,,,,,,,kh24,,,
11695681,330000,Cars for Sale,,,,Lamborghini,Aventador,2014,Tax Paper,Used,Sports,,,,kh24,,,
,,,,,,,,,,,,,,,kh24,,,
,,,,,,,,,,,,,,,kh24,,,
11644229,21000,Cars for Sale,,,,Toyota,Prius,2013,Tax Paper,Used,Hatchback,,,,kh24,,,
,,,,,,,,,,,,,,,kh24,,,
,,,,,,,,,,,,,,,kh24,,,
,,,,,,,,,,,,,,,kh24,,,
,,,,,,,,,,,,,,,kh24,,,
,,,,,,,,,,,,,,,kh24,,,
,,,,,,,,,,,,,,,kh24,,,
11689789,9700,Cars for Sale,,,,Toyota,Prius,2005,Plate Number,Used,Sedan,,,,kh24,,,
,,,,,,,,,,,,,,,kh24,,,
,,,,,,,,,,,,,,,kh24,,,
,,,,,,,,,,,,,,,kh24,,,
11683983,3800,Cars for Sale,,,,Honda,CR-V,1997,Tax Paper,Used,SUV,,,,kh24,,,
11405508,2800,Motorcycles For Sale,,,,Yamaha,Other,2014,Tax Paper,Used,,,,,kh24,,,
,,,,,,,,,,,,,,,kh24,,,
,,,,,,,,,,,,,,,kh24,,,
,,,,,,,,,,,,,,,kh24,,,
11689373,19500,Cars for Sale,,,,Lexus,RX330,2004,Plate Number,Used,Sedan,,,,kh24,,,
11673881,7800,Cars for Sale,,,,Lexus,RX300,2000,Plate Number,Used,SUV,,,,kh24,,,
,,,,,,,,,,,,,,,kh24,,,
,,,,,,,,,,,,,,,kh24,,,
,,,,,,,,,,,,,,,kh24,,,
11514283,8400,Cars for Sale,,,,Toyota,Tacoma,2002,Plate Number,Used,Pickup,,,,kh24,,,
,,,,,,,,,,,,,,,kh24,,,
11695002,8900,Cars for Sale,,,,Toyota,Prius,2006,Plate Number,Used,Sedan,,,,kh24,,,
11678061,9500,Cars for Sale,,,,Toyota,Prius,2005,Plate Number,Used,,,,,kh24,,,
,,,,,,,,,,,,,,,kh24,,,
11696421,45000,Cars for Sale,,,,Lexus,LX570,2008,Plate Number,New,,,,,kh24,,,
,,,,,,,,,,,,,,,kh24,,,
11551973,85,Bicycles,,,,,,,,Used,,,,,kh24,,,
11653458,470,Motorcycles For Sale,,,,Honda,Air Blade,2007,Plate Number,Used,,,,,kh24,,,
,,,,,,,,,,,,,,,kh24,,,
,,,,,,,,,,,,,,,kh24,,,
,,,,,,,,,,,,,,,kh24,,,
,,,,,,,,,,,,,,,kh24,,,
11551812,2495,Vehicles For Rent,,,,,,,,,,,,,kh24,,,
11471872,18700,Cars for Sale,,,,Lexus,RX330,2004,Plate Number,Used,SUV,,,,kh24,,,
11550287,21500,Cars for Sale,,,,Kia,Carnival,2015,Tax Paper,Used,MPV (Minivan),,,,kh24,,,
11396691,40,Vehicles For Rent,,,,,,,,,,,,,kh24,,,
11400969,21,Vehicles For Rent,,,,,,,,,,,,,kh24,,,
,,,,,,,,,,,,,,,kh24,,,
11670968,34500,Cars for Sale,,,,Chevrolet,Trax,2024,Tax Paper,New,SUV,,,,kh24,,,
,,,,,,,,,,,,,,,kh24,,,
,,,,,,,,,,,,,,,kh24,,,
,,,,,,,,,,,,,,,kh24,,,
11699739,2595,Others,,,,,,,,,,,,,kh24,,,
,,,,,,,,,,,,,,,kh24,,,
,,,,,,,,,,,,,,,kh24,,,
11595874,620,Bicycles,,,,,,,,New,,,,,kh24,,,
11430787,125000,Cars for Sale,,,,Toyota,Alphard,2018,Plate Number,New,Convertible,,,,kh24,,,
11399784,40,Vehicles For Rent,,,,,,,,,,,,,kh24,,,
11690148,56500,Cars for Sale,,,,Toyota,Alphard,2016,Plate Number,Used,MPV (Minivan),,,,kh24,,,
11610026,22500,Cars for Sale,,,,Audi,Q7,2014,Tax Paper,Used,SUV,,,,kh24,,,
11666465,1900,Motorcycles For Sale,,,,Yamaha,Other,2020,Plate Number,Used,,,,,kh24,,,
,,,,,,,,,,,,,,,kh24,,,
,,,,,,,,,,,,,,,kh24,,,
,,,,,,,,,,,,,,,kh24,,,
11613438,9500,Cars for Sale,,,,Toyota,Vitz,2011,Tax Paper,Used,,,,,kh24,,,
11551078,1,Parts & Accessories,,,,,,,,New,,,,,kh24,,,
11232906,45,Parts & Accessories,,,,,,,,New,,,,,kh24,,,
11232921,12,Parts & Accessories,,,,,,,,New,,,,,kh24,,,
11551077,7,Maintenance & Repair,,,,,,,,,,,,,kh24,,,
11551082,25,Parts & Accessories,,,,,,,,New,,,,,kh24,,,
11551080,15,Parts & Accessories,,,,,,,,New,,,,,kh24,,,
11551079,1,Parts & Accessories,,,,,,,,New,,,,,kh24,,,
11551081,1,Parts & Accessories,,,,,,,,New,,,,,kh24,,,
,,,,,,,,,,,,,,,kh24,,,
,,,,,,,,,,,,,,,kh24,,,
11620691,18000,Cars for Sale,,,,Hyundai,Santa Fe,2018,Plate Number,Used,SUV,,,,kh24,,,
11684072,18800,Cars for Sale,,,,Toyota,Prius,2013,Tax Paper,Used,Hatchback,,,,kh24,,,
11505502,25,Maintenance & Repair,,,,,,,,,,,,,kh24,,,
,,,,,,,,,,,,,,,kh24,,,
11610026,22500,Cars for Sale,,,,Audi,Q7,2014,Tax Paper,Used,SUV,,,,kh24,,,
,,,,,,,,,,,,,,,kh24,,,
11399784,40,Vehicles For Rent,,,,,,,,,,,,,kh24,,,
11694593,19500,Cars for Sale,,,,Toyota,Prius,2010,Tax Paper,New,Sedan,,,,kh24,,,
,,,,,,,,,,,,,,,kh24,,,
,,,,,,,,,,,,,,,kh24,,,
,,,,,,,,,,,,,,,kh24,,,
,,,,,,,,,,,,,,,kh24,,,
,,,,,,,,,,,,,,,kh24,,,
,,,,,,,,,,,,,,,kh24,,,
11676401,17300,Cars for Sale,,,,Toyota,Prius,2011,Tax Paper,New,Hatchback,,,,kh24,,,
,,,,,,,,,,,,,,,kh24,,,
11669121,212200,Cars for Sale,,,,Lexus,LM,2024,Plate Number,Used,MPV (Minivan),,,,kh24,,,
11296536,15500,Cars for Sale,,,,Lexus,GX,2003,Plate Number,Used,SUV,,,,kh24,,,
,,,,,,,,,,,,,,,kh24,,,
,,,,,,,,,,,,,,,kh24,,,
11452096,520,Vehicles For Rent,,,,,,,,,,,,,kh24,,,
11647543,120,Parts & Accessories,,,,,,,,New,,,,,kh24,,,
11647546,110,Parts & Accessories,,,,,,,,New,,,,,kh24,,,
11647548,120,Parts & Accessories,,,,,,,,New,,,,,kh24,,,
11647550,80,Parts & Accessories,,,,,,,,New,,,,,kh24,,,
,,,,,,,,,,,,,,,kh24,,,
,,,,,,,,,,,,,,,kh24,,,
,,,,,,,,,,,,,,,kh24,,,
,,,,,,,,,,,,,,,kh24,,,
,,,,,,,,,,,,,,,kh24,,,
,,,,,,,,,,,,,,,kh24,,,
11666465,1900,Motorcycles For Sale,,,,Yamaha,Other,2020,Plate Number,Used,,,,,kh24,,,
,,,,,,,,,,,,,,,kh24,,,
,,,,,,,,,,,,,,,kh24,,,
,,,,,,,,,,,,,,,kh24,,,
11583898,35,Vehicles For Rent,,,,,,,,,,,,,kh24,,,
11170393,35,Vehicles For Rent,,,,,,,,,,,,,kh24,,,
11641568,2550,Cars for Sale,,,,Hyundai,Accent,2002,Plate Number,Used,Hatchback,,,,kh24,,,
,,,,,,,,,,,,,,,kh24,,,
11699716,140,Parts & Accessories,,,,,,,,New,,,,,kh24,,,
11533102,17750,Cars for Sale,,,,Toyota,Prius,2010,Plate Number,Used,Sedan,,,,kh24,,,
,,,,,,,,,,,,,,,kh24,,,
,,,,,,,,,,,,,,,kh24,,,
,,,,,,,,,,,,,,,kh24,,,
11694176,49,Bicycles,,,,,,,,Used,,,,,kh24,,,
,,,,,,,,,,,,,,,kh24,,,
,,,,,,,,,,,,,,,kh24,,,
,,,,,,,,,,,,,,,kh24,,,
11629669,700,Parts & Accessories,,,,,,,,New,,,,,kh24,,,
11518297,700,Parts & Accessories,,,,,,,,New,,,,,kh24,,,
11581073,60000,Cars for Sale,,,,Toyota,Alphard,2015,Plate Number,Used,MPV (Minivan),,,,kh24,,,
,,,,,,,,,,,,,,,kh24,,,
,,,,,,,,,,,,,,,kh24,,,
11691102,1421,Motorcycles For Sale,,,,Kawasaki,Ninja,2010,Plate Number,Used,,,,,kh24,,,
11380107,630,Bicycles,,,,,,,,Used,,,,,kh24,,,
11566813,3000,Parts & Accessories,,,,,,,,New,,,,,kh24,,,
11699707,1500,Motorcycles For Sale,,,,Honda,CRF,2004,Tax Paper,Used,,,,,kh24,,,
,,,,,,,,,,,,,,,kh24,,,
11366277,120,Parts & Accessories,,,,,,,,Used,,,,,kh24,,,
,,,,,,,,,,,,,,,kh24,,,
,,,,,,,,,,,,,,,kh24,,,
,,,,,,,,,,,,,,,kh24,,,
,,,,,,,,,,,,,,,kh24,,,
11571647,40800,Cars for Sale,,,,Lexus,NX,2015,Tax Paper,New,SUV,,,,kh24,,,
11624005,26500,Cars for Sale,,,,Toyota,Camry,2012,Tax Paper,New,Sedan,,,,kh24,,,
11608684,23500,Cars for Sale,,,,Toyota,Prius,2012,Tax Paper,New,Hatchback,,,,kh24,,,
,,,,,,,,,,,,,,,kh24,,,
,,,,,,,,,,,,,,,kh24,,,
,,,,,,,,,,,,,,,kh24,,,
,,,,,,,,,,,,,,,kh24,,,
11506701,30500,Cars for Sale,,,,Toyota,Prius,2016,Tax Paper,Used,Hatchback,,,,kh24,,,
,,,,,,,,,,,,,,,kh24,,,
,,,,,,,,,,,,,,,kh24,,,
,,,,,,,,,,,,,,,kh24,,,
,,,,,,,,,,,,,,,kh24,,,
,,,,,,,,,,,,,,,kh24,,,
11699699,116,Parts & Accessories,,,,,,,,New,,,,,kh24,,,
11650727,12000,Cars for Sale,,,,Toyota,Prius,2008,Tax Paper,Used,Sedan,,,,kh24,,,
11477066,35,Parts & Accessories,,,,,,,,Used,,,,,kh24,,,
,,,,,,,,,,,,,,,kh24,,,
11561554,45,Parts & Accessories,,,,,,,,Used,,,,,kh24,,,
,,,,,,,,,,,,,,,kh24,,,
,,,,,,,,,,,,,,,kh24,,,
,,,,,,,,,,,,,,,kh24,,,
11676661,57500,Cars for Sale,,,,Toyota,Land Cruiser,2012,Plate Number,Used,SUV,,,,kh24,,,
,,,,,,,,,,,,,,,kh24,,,
11614313,60,Vehicles For Rent,,,,,,,,,,,,,kh24,,,
11610026,22500,Cars for Sale,,,,Audi,Q7,2014,Tax Paper,Used,SUV,,,,kh24,,,
,,,,,,,,,,,,,,,kh24,,,
11632124,17500,Cars for Sale,,,,Chevrolet,Trailblazer,2014,Plate Number,Used,SUV,,,,kh24,,,
11569885,31500,Cars for Sale,,,,Nissan,Terra,2019,Plate Number,Used,SUV,,,,kh24,,,
11586302,319,Bicycles,,,,,,,,New,,,,,kh24,,,
,,,,,,,,,,,,,,,kh24,,,
,,,,,,,,,,,,,,,kh24,,,
11504376,36777,Cars for Sale,,,,Ford,Ranger Wildtrak,2020,Plate Number,Used,Pickup,,,,kh24,,,
11360700,17800,Cars for Sale,,,,Mazda,BT50 Pro,2014,Plate Number,Used,,,,,kh24,,,
,,,,,,,,,,,,,,,kh24,,,
,,,,,,,,,,,,,,,kh24,,,
11372315,15777,Cars for Sale,,,,Audi,Q7,2013,Plate Number,Used,SUV,,,,kh24,,,
,,,,,,,,,,,,,,,kh24,,,
,,,,,,,,,,,,,,,kh24,,,
11529220,22678,Cars for Sale,,,,Isuzu,D-MAX,2013,Plate Number,Used,Pickup,,,,kh24,,,
,,,,,,,,,,,,,,,kh24,,,
,,,,,,,,,,,,,,,kh24,,,
,,,,,,,,,,,,,,,kh24,,,
11673048,60,Vehicles For Rent,,,,,,,,,,,,,kh24,,,
11689459,25500,Cars for Sale,,,,Land Rover,Discovery 4,2011,Plate Number,Used,SUV,,,,kh24,,,
11610026,22500,Cars for Sale,,,,Audi,Q7,2014,Tax Paper,Used,SUV,,,,kh24,,,
11611695,42000,Cars for Sale,,,,Toyota,Land Cruiser,2010,Plate Number,Used,SUV,,,,kh24,,,
11505502,25,Maintenance & Repair,,,,,,,,,,,,,kh24,,,
,,,,,,,,,,,,,,,kh24,,,
,,,,,,,,,,,,,,,kh24,,,
11691102,1421,Motorcycles For Sale,,,,Kawasaki,Ninja,2010,Plate Number,Used,,,,,kh24,,,
,,,,,,,,,,,,,,,kh24,,,
11448750,24550,Cars for Sale,,,,Audi,A5,2011,Plate Number,Used,Hatchback,,,,kh24,,,
11690703,64800,Cars for Sale,,,,Toyota,Alphard,2015,Tax Paper,New,MPV (Minivan),,,,kh24,,,
11565118,23600,Cars for Sale,,,,Toyota,Alphard,2010,Tax Paper,Used,Other,,,,kh24,,,
11642029,27777,Cars for Sale,,,,Mitsubishi,Pajero,1995,Plate Number,Used,SUV,,,,kh24,,,
,,,,,,,,,,,,,,,kh24,,,
,,,,,,,,,,,,,,,kh24,,,
11449892,31777,Cars for Sale,,,,Mazda,BT50 Pro,2018,Plate Number,Used,Pickup,,,,kh24,,,
11372304,17800,Cars for Sale,,,,Mazda,BT50 Pro,2014,Plate Number,Used,,,,,kh24,,,
11669525,10500,Cars for Sale,,,,Toyota,Prius,2005,Plate Number,Used,,,,,kh24,,,
11219350,400,Vehicles For Rent,,,,,,,,,,,,,kh24,,,
,,,,,,,,,,,,,,,kh24,,,
,,,,,,,,,,,,,,,kh24,,,
,,,,,,,,,,,,,,,kh24,,,
,,,,,,,,,,,,,,,kh24,,,
11676350,9800,Cars for Sale,,,,Toyota,Vitz,2012,Tax Paper,Used,Other,,,,kh24,,,
11656091,12500,Cars for Sale,,,,Toyota,Vitz,2015,Tax Paper,Used,Other,,,,kh24,,,
,,,,,,,,,,,,,,,kh24,,,
11597593,8500,Cars for Sale,,,,Toyota,Vitz,2008,Tax Paper,Used,,,,,kh24,,,
11634593,9800,Cars for Sale,,,,Toyota,Vitz,2012,Tax Paper,Used,Other,,,,kh24,,,
,,,,,,,,,,,,,,,kh24,,,
11690703,64800,Cars for Sale,,,,Toyota,Alphard,2015,Tax Paper,New,MPV (Minivan),,,,kh24,,,
11694593,19500,Cars for Sale,,,,Toyota,Prius,2010,Tax Paper,New,Sedan,,,,kh24,,,
,,,,,,,,,,,,,,,kh24,,,
11597590,10800,Cars for Sale,,,,Toyota,Vitz,2013,Tax Paper,Used,Other,,,,kh24,,,
11677685,12500,Cars for Sale,,,,Toyota,Vitz,2015,Tax Paper,Used,Other,,,,kh24,,,
11613453,13500,Cars for Sale,,,,Toyota,Vitz,2016,Tax Paper,Used,Other,,,,kh24,,,
11689459,25500,Cars for Sale,,,,Land Rover,Discovery 4,2011,Plate Number,Used,SUV,,,,kh24,,,
,,,,,,,,,,,,,,,kh24,,,
11691102,1421,Motorcycles For Sale,,,,Kawasaki,Ninja,2010,Plate Number,Used,,,,,kh24,,,
,,,,,,,,,,,,,,,kh24,,,
11399784,40,Vehicles For Rent,,,,,,,,,,,,,kh24,,,
11614313,60,Vehicles For Rent,,,,,,,,,,,,,kh24,,,
11565118,23600,Cars for Sale,,,,Toyota,Alphard,2010,Tax Paper,Used,Other,,,,kh24,,,
11690703,64800,Cars for Sale,,,,Toyota,Alphard,2015,Tax Paper,New,MPV (Minivan),,,,kh24,,,
11694593,19500,Cars for Sale,,,,Toyota,Prius,2010,Tax Paper,New,Sedan,,,,kh24,,,
,,,,,,,,,,,,,,,kh24,,,
,,,,,,,,,,,,,,,kh24,,,
,,,,,,,,,,,,,,,kh24,,,
11676401,17300,Cars for Sale,,,,Toyota,Prius,2011,Tax Paper,New,Hatchback,,,,kh24,,,
,,,,,,,,,,,,,,,kh24,,,
,,,,,,,,,,,,,,,kh24,,,
,,,,,,,,,,,,,,,kh24,,,
,,,,,,,,,,,,,,,kh24,,,
11685726,1600,Tuk Tuk & Remork,,,,,,,,,,,,,kh24,,,
,,,,,,,,,,,,,,,kh24,,,
11588922,15,Parts & Accessories,,,,,,,,Used,,,,,kh24,,,
,,,,,,,,,,,,,,,kh24,,,
11542891,5900,Motorcycles For Sale,,,,Ducati,Multistrada,2010,Tax Paper,New,,,,,kh24,,,
11204269,110000,Cars for Sale,,,,Toyota,Tundra,2022,Tax Paper,New,Pickup,,,,kh24,,,
11403737,20,Vehicles For Rent,,,,,,,,,,,,,kh24,,,
,,,,,,,,,,,,,,,kh24,,,
11519061,3811,Tuk Tuk & Remork,,,,,,,,,,,,,kh24,,,
,,,,,,,,,,,,,,,kh24,,,
,,,,,,,,,,,,,,,kh24,,,
,,,,,,,,,,,,,,,kh24,,,
,,,,,,,,,,,,,,,kh24,,,
11639104,13400,Cars for Sale,,,,Toyota,Prius,2008,Tax Paper,Used,Hatchback,,,,kh24,,,
11690703,64800,Cars for Sale,,,,Toyota,Alphard,2015,Tax Paper,New,MPV (Minivan),,,,kh24,,,
,,,,,,,,,,,,,,,kh24,,,
,,,,,,,,,,,,,,,kh24,,,
11439164,1480,Motorcycles For Sale,,,,Other,,2025,Tax Paper,New,,,,,kh24,,,
,,,,,,,,,,,,,,,kh24,,,
,,,,,,,,,,,,,,,kh24,,,
11201354,16500,Cars for Sale,,,,Toyota,Prius,2010,Plate Number,Used,Hatchback,,,,kh24,,,
,,,,,,,,,,,,,,,kh24,,,
11675097,2150,Motorcycles For Sale,,,,Honda,Scoopy i,2022,Tax Paper,New,,,,,kh24,,,
11543667,29800,Cars for Sale,,,,Toyota,Highlander,2009,Tax Paper,New,SUV,,,,kh24,,,
11668049,60000,Cars for Sale,,,,Lexus,NX,2020,Plate Number,Used,SUV,,,,kh24,,,
,,,,,,,,,,,,,,,kh24,,,
,,,,,,,,,,,,,,,kh24,,,
,,,,,,,,,,,,,,,kh24,,,
,,,,,,,,,,,,,,,kh24,,,
,,,,,,,,,,,,,,,kh24,,,
,,,,,,,,,,,,,,,kh24,,,
,,,,,,,,,,,,,,,kh24,,,
11549674,500,Motorcycles For Sale,,,,Honda,Today,2012,Tax Paper,New,,,,,kh24,,,
,,,,,,,,,,,,,,,kh24,,,
,,,,,,,,,,,,,,,kh24,,,
,,,,,,,,,,,,,,,kh24,,,
,,,,,,,,,,,,,,,kh24,,,
,,,,,,,,,,,,,,,kh24,,,
11395963,511,Vehicles For Rent,,,,,,,,,,,,,kh24,,,
,,,,,,,,,,,,,,,kh24,,,
,,,,,,,,,,,,,,,kh24,,,
11626211,19800,Cars for Sale,,,,Toyota,Prius,2011,Tax Paper,Used,Hatchback,,,,kh24,,,
11640737,35,Bicycles,,,,,,,,Used,,,,,kh24,,,
,,,,,,,,,,,,,,,kh24,,,
11322958,16900,Cars for Sale,,,,Toyota,Prius,2012,Tax Paper,Used,Sedan,,,,kh24,,,
11390961,4050,Cars for Sale,,,,Honda,CR-V,1997,Plate Number,Used,SUV,,,,kh24,,,
11666298,23900,Cars for Sale,,,,GAC,GS4,2023,Plate Number,Used,SUV,,,,kh24,,,
,,,,,,,,,,,,,,,kh24,,,
11614313,60,Vehicles For Rent,,,,,,,,,,,,,kh24,,,
11694593,19500,Cars for Sale,,,,Toyota,Prius,2010,Tax Paper,New,Sedan,,,,kh24,,,
,,,,,,,,,,,,,,,kh24,,,
11341947,49999,Cars for Sale,,,,Land Rover,Range Rover,2014,Tax Paper,Used,SUV,,,,kh24,,,
11311183,13900,Cars for Sale,,,,Other,,2021,Plate Number,Used,SUV,,,,kh24,,,
11402463,30900,Cars for Sale,,,,CHANGAN,UNI-T,2023,Plate Number,Used,SUV,,,,kh24,,,
,,,,,,,,,,,,,,,kh24,,,
11421438,34500,Cars for Sale,,,,DFSK,E5,2023,Plate Number,Used,,,,,kh24,,,
11425472,64900,Cars for Sale,,,,Ford,Ranger Raptor,2023,Plate Number,Used,Pickup,,,,kh24,,,
11577914,64900,Cars for Sale,,,,Ford,Ranger Raptor,2023,Plate Number,Used,Pickup,,,,kh24,,,
,,,,,,,,,,,,,,,kh24,,,
11419674,548,Parts & Accessories,,,,,,,,Used,,,,,kh24,,,
11657320,18500,Cars for Sale,,,,Toyota,Prius,2010,Tax Paper,Used,Hatchback,,,,kh24,,,
,,,,,,,,,,,,,,,kh24,,,
11632863,147000,Cars for Sale,,,,Lexus,LX570,2019,Plate Number,Used,SUV,,,,kh24,,,
,,,,,,,,,,,,,,,kh24,,,
,,,,,,,,,,,,,,,kh24,,,
11333265,38500,Cars for Sale,,,,Mercedes-Benz,C300,2015,Tax Paper,New,,,,,kh24,,,
11665292,66000,Cars for Sale,,,,Toyota,Alphard,2015,Plate Number,Used,MPV (Minivan),,,,kh24,,,
,,,,,,,,,,,,,,,kh24,,,
11562210,70000,Cars for Sale,,,,AVATR,AVATR 11,2024,Tax Paper,New,SUV,,,,kh24,,,
11551817,2498,Vehicles For Rent,,,,,,,,,,,,,kh24,,,
11643535,1280,Motorcycles For Sale,,,,Honda,Dream,2016,Plate Number,Used,,,,,kh24,,,
,,,,,,,,,,,,,,,kh24,,,
,,,,,,,,,,,,,,,kh24,,,
,,,,,,,,,,,,,,,kh24,,,
,,,,,,,,,,,,,,,kh24,,,
,,,,,,,,,,,,,,,kh24,,,
11666022,18500,Cars for Sale,,,,BYD,Other,2024,Tax Paper,New,Hatchback,,,,kh24,,,
11640661,50,Parts & Accessories,,,,,,,,Used,,,,,kh24,,,
,,,,,,,,,,,,,,,kh24,,,
,,,,,,,,,,,,,,,kh24,,,
,,,,,,,,,,,,,,,kh24,,,
,,,,,,,,,,,,,,,kh24,,,
11670409,1127,Motorcycles For Sale,,,,Yamaha,M-SLAZ,2016,Plate Number,Used,,,,,kh24,,,
11499974,30,Vehicles For Rent,,,,,,,,,,,,,kh24,,,
,,,,,,,,,,,,,,,kh24,,,
,,,,,,,,,,,,,,,kh24,,,
,,,,,,,,,,,,,,,kh24,,,
,,,,,,,,,,,,,,,kh24,,,
,,,,,,,,,,,,,,,kh24,,,
,,,,,,,,,,,,,,,kh24,,,
,,,,,,,,,,,,,,,kh24,,,
,,,,,,,,,,,,,,,kh24,,,
,,,,,,,,,,,,,,,kh24,,,
,,,,,,,,,,,,,,,kh24,,,
,,,,,,,,,,,,,,,kh24,,,
11491480,42,Others,,,,,,,,,,,,,kh24,,,
,,,,,,,,,,,,,,,kh24,,,
11632141,35,Others,,,,,,,,,,,,,kh24,,,
11676401,17300,Cars for Sale,,,,Toyota,Prius,2011,Tax Paper,New,Hatchback,,,,kh24,,,
,,,,,,,,,,,,,,,kh24,,,
11678061,9500,Cars for Sale,,,,Toyota,Prius,2005,Plate Number,Used,,,,,kh24,,,
11399784,40,Vehicles For Rent,,,,,,,,,,,,,kh24,,,
11610026,22500,Cars for Sale,,,,Audi,Q7,2014,Tax Paper,Used,SUV,,,,kh24,,,
11691102,1421,Motorcycles For Sale,,,,Kawasaki,Ninja,2010,Plate Number,Used,,,,,kh24,,,
,,,,,,,,,,,,,,,kh24,,,
11448750,24550,Cars for Sale,,,,Audi,A5,2011,Plate Number,Used,Hatchback,,,,kh24,,,
11694593,19500,Cars for Sale,,,,Toyota,Prius,2010,Tax Paper,New,Sedan,,,,kh24,,,
11620691,18000,Cars for Sale,,,,Hyundai,Santa Fe,2018,Plate Number,Used,SUV,,,,kh24,,,
,,,,,,,,,,,,,,,kh24,,,
11611695,42000,Cars for Sale,,,,Toyota,Land Cruiser,2010,Plate Number,Used,SUV,,,,kh24,,,
,,,,,,,,,,,,,,,kh24,,,
11614313,60,Vehicles For Rent,,,,,,,,,,,,,kh24,,,
,,,,,,,,,,,,,,,kh24,,,
11588238,105,Others,,,,,,,,,,,,,kh24,,,
11432599,30,Others,,,,,,,,,,,,,kh24,,,
,,,,,,,,,,,,,,,kh24,,,
11699645,205000,Cars for Sale,,,,Mercedes-Benz,GL350,2021,Tax Paper,New,SUV,,,,kh24,,,
,,,,,,,,,,,,,,,kh24,,,
,,,,,,,,,,,,,,,kh24,,,
11553554,22500,Cars for Sale,,,,Toyota,Prius,2012,Tax Paper,Used,Hatchback,,,,kh24,,,
,,,,,,,,,,,,,,,kh24,,,
11541906,399,Vehicles For Rent,,,,,,,,,,,,,kh24,,,
,,,,,,,,,,,,,,,kh24,,,
,,,,,,,,,,,,,,,kh24,,,
,,,,,,,,,,,,,,,kh24,,,
,,,,,,,,,,,,,,,kh24,,,
11588283,12000,Lorries, Vans & Tractors,,,,,,,,New,Other,,,,kh24,,,
11623835,15400,Cars for Sale,,,,Toyota,Prius,2010,Tax Paper,New,Hatchback,,,,kh24,,,
11407784,4900,Cars for Sale,,,,Toyota,Camry,1997,Plate Number,Used,Sedan,,,,kh24,,,
11684072,18800,Cars for Sale,,,,Toyota,Prius,2013,Tax Paper,Used,Hatchback,,,,kh24,,,
11690703,64800,Cars for Sale,,,,Toyota,Alphard,2015,Tax Paper,New,MPV (Minivan),,,,kh24,,,
11640409,99000,Cars for Sale,,,,Toyota,Alphard,2019,Plate Number,Used,MPV (Minivan),,,,kh24,,,
11696421,45000,Cars for Sale,,,,Lexus,LX570,2008,Plate Number,New,,,,,kh24,,,
,,,,,,,,,,,,,,,kh24,,,
,,,,,,,,,,,,,,,kh24,,,
,,,,,,,,,,,,,,,kh24,,,
,,,,,,,,,,,,,,,kh24,,,
,,,,,,,,,,,,,,,kh24,,,
,,,,,,,,,,,,,,,kh24,,,
11646711,195000,Cars for Sale,,,,Cadillac,Escalade ESV,2022,Plate Number,Used,,,,,kh24,,,
11431946,44800,Cars for Sale,,,,Hyundai,Staria,2022,Plate Number,New,MPV (Minivan),,,,kh24,,,
11472326,21700,Cars for Sale,,,,Lexus,RX330,2004,Plate Number,Used,SUV,,,,kh24,,,
11310825,2900,Motorcycles For Sale,,,,VESPA,Other,1980,Plate Number,Used,,,,,kh24,,,
11317714,2200,Motorcycles For Sale,,,,Other,,1980,Plate Number,Used,,,,,kh24,,,
,,,,,,,,,,,,,,,kh24,,,
11671037,27000,Cars for Sale,,,,BYD,ATTO 3,2024,Plate Number,Used,SUV,,,,kh24,,,
,,,,,,,,,,,,,,,kh24,,,
11689459,25500,Cars for Sale,,,,Land Rover,Discovery 4,2011,Plate Number,Used,SUV,,,,kh24,,,
11620691,18000,Cars for Sale,,,,Hyundai,Santa Fe,2018,Plate Number,Used,SUV,,,,kh24,,,
,,,,,,,,,,,,,,,kh24,,,
11690703,64800,Cars for Sale,,,,Toyota,Alphard,2015,Tax Paper,New,MPV (Minivan),,,,kh24,,,
11581073,60000,Cars for Sale,,,,Toyota,Alphard,2015,Plate Number,Used,MPV (Minivan),,,,kh24,,,
11611695,42000,Cars for Sale,,,,Toyota,Land Cruiser,2010,Plate Number,Used,SUV,,,,kh24,,,
,,,,,,,,,,,,,,,kh24,,,
11673048,60,Vehicles For Rent,,,,,,,,,,,,,kh24,,,
,,,,,,,,,,,,,,,kh24,,,
11694593,19500,Cars for Sale,,,,Toyota,Prius,2010,Tax Paper,New,Sedan,,,,kh24,,,
11610026,22500,Cars for Sale,,,,Audi,Q7,2014,Tax Paper,Used,SUV,,,,kh24,,,
11448750,24550,Cars for Sale,,,,Audi,A5,2011,Plate Number,Used,Hatchback,,,,kh24,,,
,,,,,,,,,,,,,,,kh24,,,
,,,,,,,,,,,,,,,kh24,,,
11684072,18800,Cars for Sale,,,,Toyota,Prius,2013,Tax Paper,Used,Hatchback,,,,kh24,,,
11699621,115,Others,,,,,,,,,,,,,kh24,,,
11497257,17500,Cars for Sale,,,,Lexus,CT,2012,Tax Paper,Used,SUV,,,,kh24,,,
11652847,5200,Cars for Sale,,,,Toyota,Camry,1997,Plate Number,Used,,,,,kh24,,,
,,,,,,,,,,,,,,,kh24,,,
,,,,,,,,,,,,,,,kh24,,,
,,,,,,,,,,,,,,,kh24,,,
,,,,,,,,,,,,,,,kh24,,,
,,,,,,,,,,,,,,,kh24,,,
,,,,,,,,,,,,,,,kh24,,,
,,,,,,,,,,,,,,,kh24,,,
,,,,,,,,,,,,,,,kh24,,,
11641618,30,Vehicles For Rent,,,,,,,,,,,,,kh24,,,
11678617,26506,Cars for Sale,,,,Chevrolet,Tracker,2024,Tax Paper,New,SUV,,,,kh24,,,
11641621,30,Vehicles For Rent,,,,,,,,,,,,,kh24,,,
,,,,,,,,,,,,,,,kh24,,,
11443521,180,Bicycles,,,,,,,,Used,,,,,kh24,,,
,,,,,,,,,,,,,,,kh24,,,
11499974,30,Vehicles For Rent,,,,,,,,,,,,,kh24,,,
11696421,45000,Cars for Sale,,,,Lexus,LX570,2008,Plate Number,New,,,,,kh24,,,
11690148,56500,Cars for Sale,,,,Toyota,Alphard,2016,Plate Number,Used,MPV (Minivan),,,,kh24,,,
11643287,18500,Cars for Sale,,,,Lexus,CT,2012,Plate Number,Used,Sedan,,,,kh24,,,
11566860,62000,Cars for Sale,,,,Toyota,Land Cruiser,2013,Plate Number,Used,SUV,,,,kh24,,,
,,,,,,,,,,,,,,,kh24,,,
,,,,,,,,,,,,,,,kh24,,,
11524179,18600,Cars for Sale,,,,Toyota,Prius,2012,Tax Paper,New,Sedan,,,,kh24,,,
,,,,,,,,,,,,,,,kh24,,,
,,,,,,,,,,,,,,,kh24,,,
,,,,,,,,,,,,,,,kh24,,,
11691102,1421,Motorcycles For Sale,,,,Kawasaki,Ninja,2010,Plate Number,Used,,,,,kh24,,,
11581073,60000,Cars for Sale,,,,Toyota,Alphard,2015,Plate Number,Used,MPV (Minivan),,,,kh24,,,
11614313,60,Vehicles For Rent,,,,,,,,,,,,,kh24,,,
11690703,64800,Cars for Sale,,,,Toyota,Alphard,2015,Tax Paper,New,MPV (Minivan),,,,kh24,,,
11676401,17300,Cars for Sale,,,,Toyota,Prius,2011,Tax Paper,New,Hatchback,,,,kh24,,,
11505502,25,Maintenance & Repair,,,,,,,,,,,,,kh24,,,
,,,,,,,,,,,,,,,kh24,,,
,,,,,,,,,,,,,,,kh24,,,
,,,,,,,,,,,,,,,kh24,,,
11684072,18800,Cars for Sale,,,,Toyota,Prius,2013,Tax Paper,Used,Hatchback,,,,kh24,,,
11537558,51200,Cars for Sale,,,,Toyota,Alphard,2015,Tax Paper,Used,Other,,,,kh24,,,
,,,,,,,,,,,,,,,kh24,,,
,,,,,,,,,,,,,,,kh24,,,
,,,,,,,,,,,,,,,kh24,,,
11399784,40,Vehicles For Rent,,,,,,,,,,,,,kh24,,,
11428746,15168,Cars for Sale,,,,Audi,Q7,2011,Plate Number,Used,SUV,,,,kh24,,,
,,,,,,,,,,,,,,,kh24,,,
,,,,,,,,,,,,,,,kh24,,,
,,,,,,,,,,,,,,,kh24,,,
,,,,,,,,,,,,,,,kh24,,,
,,,,,,,,,,,,,,,kh24,,,
,,,,,,,,,,,,,,,kh24,,,
,,,,,,,,,,,,,,,kh24,,,
11627010,850,Tuk Tuk & Remork,,,,,,,,,,,,,kh24,,,
11699606,21900,Cars for Sale,,,,Kia,Carnival,2015,Tax Paper,Used,,,,,kh24,,,
11423281,16950,Cars for Sale,,,,Toyota,Prius,2010,Tax Paper,New,SUV,,,,kh24,,,
11545643,2500,Lorries, Vans & Tractors,,,,,,,,Used,,,,,kh24,,,
11693694,250,Parts & Accessories,,,,,,,,Used,,,,,kh24,,,
,,,,,,,,,,,,,,,kh24,,,
,,,,,,,,,,,,,,,kh24,,,
11598237,63000,Cars for Sale,,,,Cadillac,LYRIQ,2024,Tax Paper,New,,,,,kh24,,,
11666465,1900,Motorcycles For Sale,,,,Yamaha,Other,2020,Plate Number,Used,,,,,kh24,,,
,,,,,,,,,,,,,,,kh24,,,
,,,,,,,,,,,,,,,kh24,,,
11694593,19500,Cars for Sale,,,,Toyota,Prius,2010,Tax Paper,New,Sedan,,,,kh24,,,
11551793,1298,Vehicles For Rent,,,,,,,,,,,,,kh24,,,
,,,,,,,,,,,,,,,kh24,,,
,,,,,,,,,,,,,,,kh24,,,
,,,,,,,,,,,,,,,kh24,,,
,,,,,,,,,,,,,,,kh24,,,
11566852,3300,Cars for Sale,,,,Hyundai,Other,2007,Tax Paper,Used,Other,,,,kh24,,,
,,,,,,,,,,,,,,,kh24,,,
,,,,,,,,,,,,,,,kh24,,,
11568066,420,Parts & Accessories,,,,,,,,Used,,,,,kh24,,,
11646589,268000,Cars for Sale,,,,Mercedes-Benz,Maybach,2021,Plate Number,Used,,,,,kh24,,,
11665172,98000,Cars for Sale,,,,Toyota,Alphard,2018,Tax Paper,Used,MPV (Minivan),,,,kh24,,,
11442712,65900,Cars for Sale,,,,Ford,Ranger Raptor,2023,Plate Number,Used,Pickup,,,,kh24,,,
11686176,33500,Cars for Sale,,,,Mercedes-Benz,C300,2015,Plate Number,Used,Sedan,,,,kh24,,,
,,,,,,,,,,,,,,,kh24,,,
,,,,,,,,,,,,,,,kh24,,,
11408402,370,Vehicles For Rent,,,,,,,,,,,,,kh24,,,
11591276,4050,Cars for Sale,,,,Kia,Morning,2004,Plate Number,Used,SUV,,,,kh24,,,
,,,,,,,,,,,,,,,kh24,,,
,,,,,,,,,,,,,,,kh24,,,
,,,,,,,,,,,,,,,kh24,,,
,,,,,,,,,,,,,,,kh24,,,
11649514,88000,Cars for Sale,,,,Toyota,Alphard,2017,Plate Number,Used,MPV (Minivan),,,,kh24,,,
,,,,,,,,,,,,,,,kh24,,,
11370695,27500,Cars for Sale,,,,Toyota,Venza,2010,Tax Paper,Used,SUV,,,,kh24,,,
,,,,,,,,,,,,,,,kh24,,,
11370693,54900,Cars for Sale,,,,Mercedes-Benz,GLC-Class,2016,Tax Paper,Used,SUV,,,,kh24,,,
11258458,18600,Cars for Sale,,,,Lexus,CT,2011,Tax Paper,Used,Hatchback,,,,kh24,,,
11589560,63999,Cars for Sale,,,,Toyota,Alphard,2016,Tax Paper,Used,MPV (Minivan),,,,kh24,,,
11375001,62999,Cars for Sale,,,,Toyota,Alphard,2015,Tax Paper,Used,MPV (Minivan),,,,kh24,,,
11677585,16999,Cars for Sale,,,,Toyota,Camry,2007,Plate Number,Used,Sedan,,,,kh24,,,
11691102,1421,Motorcycles For Sale,,,,Kawasaki,Ninja,2010,Plate Number,Used,,,,,kh24,,,
,,,,,,,,,,,,,,,kh24,,,
,,,,,,,,,,,,,,,kh24,,,
,,,,,,,,,,,,,,,kh24,,,
,,,,,,,,,,,,,,,kh24,,,
11569678,18200,Cars for Sale,,,,Lexus,RX330,2005,Plate Number,Used,SUV,,,,kh24,,,
,,,,,,,,,,,,,,,kh24,,,
,,,,,,,,,,,,,,,kh24,,,
11552907,400,Bicycles,,,,,,,,Used,,,,,kh24,,,
11699582,710,Motorcycles For Sale,,,,Honda,MSX Grom,2015,Plate Number,Used,,,,,kh24,,,
,,,,,,,,,,,,,,,kh24,,,
,,,,,,,,,,,,,,,kh24,,,
11598970,140,Bicycles,,,,,,,,Used,,,,,kh24,,,
,,,,,,,,,,,,,,,kh24,,,
11699581,650,Vehicles For Rent,,,,,,,,,,,,,kh24,,,
11223890,6,Maintenance & Repair,,,,,,,,,,,,,kh24,,,
,,,,,,,,,,,,,,,kh24,,,
,,,,,,,,,,,,,,,kh24,,,
11565118,23600,Cars for Sale,,,,Toyota,Alphard,2010,Tax Paper,Used,Other,,,,kh24,,,
11673048,60,Vehicles For Rent,,,,,,,,,,,,,kh24,,,
11581073,60000,Cars for Sale,,,,Toyota,Alphard,2015,Plate Number,Used,MPV (Minivan),,,,kh24,,,
11505502,25,Maintenance & Repair,,,,,,,,,,,,,kh24,,,
,,,,,,,,,,,,,,,kh24,,,
,,,,,,,,,,,,,,,kh24,,,
11694593,19500,Cars for Sale,,,,Toyota,Prius,2010,Tax Paper,New,Sedan,,,,kh24,,,
11689459,25500,Cars for Sale,,,,Land Rover,Discovery 4,2011,Plate Number,Used,SUV,,,,kh24,,,
11684072,18800,Cars for Sale,,,,Toyota,Prius,2013,Tax Paper,Used,Hatchback,,,,kh24,,,
11690703,64800,Cars for Sale,,,,Toyota,Alphard,2015,Tax Paper,New,MPV (Minivan),,,,kh24,,,
11610026,22500,Cars for Sale,,,,Audi,Q7,2014,Tax Paper,Used,SUV,,,,kh24,,,
,,,,,,,,,,,,,,,kh24,,,
11611695,42000,Cars for Sale,,,,Toyota,Land Cruiser,2010,Plate Number,Used,SUV,,,,kh24,,,
,,,,,,,,,,,,,,,kh24,,,
11676401,17300,Cars for Sale,,,,Toyota,Prius,2011,Tax Paper,New,Hatchback,,,,kh24,,,
11699579,140,Parts & Accessories,,,,,,,,New,,,,,kh24,,,
,,,,,,,,,,,,,,,kh24,,,
,,,,,,,,,,,,,,,kh24,,,
11367538,64500,Cars for Sale,,,,Mercedes-Benz,S400L,2015,Tax Paper,New,Sedan,,,,kh24,,,
11352055,60700,Cars for Sale,,,,Mercedes-Benz,Maybach,2015,Tax Paper,New,Sedan,,,,kh24,,,
11673228,240000,Cars for Sale,,,,Mercedes-Benz,G-Class,2019,Plate Number,Used,SUV,,,,kh24,,,
11673217,270000,Cars for Sale,,,,Mercedes-Benz,S-Class,2024,Tax Paper,New,Sedan,,,,kh24,,,
11672495,31000,Cars for Sale,,,,Mercedes-Benz,C300,2016,Plate Number,Used,Sedan,,,,kh24,,,
11611838,8950,Cars for Sale,,,,Toyota,Camry,2003,Plate Number,Used,SUV,,,,kh24,,,
11625112,1480,Motorcycles For Sale,,,,Other,,2025,Tax Paper,New,,,,,kh24,,,
11685634,21200,Cars for Sale,,,,Toyota,Prius,2012,Tax Paper,Used,Hatchback,,,,kh24,,,
,,,,,,,,,,,,,,,kh24,,,
11663973,1,Parts & Accessories,,,,,,,,New,,,,,kh24,,,
11359725,120,Parts & Accessories,,,,,,,,New,,,,,kh24,,,
11551184,1,Parts & Accessories,,,,,,,,New,,,,,kh24,,,
11551183,80,Parts & Accessories,,,,,,,,New,,,,,kh24,,,
11673048,60,Vehicles For Rent,,,,,,,,,,,,,kh24,,,
11341947,49999,Cars for Sale,,,,Land Rover,Range Rover,2014,Tax Paper,Used,SUV,,,,kh24,,,
11516452,60,Vehicles For Rent,,,,,,,,,,,,,kh24,,,
,,,,,,,,,,,,,,,kh24,,,
11560962,20,Others,,,,,,,,,,,,,kh24,,,
11578285,419,Parts & Accessories,,,,,,,,New,,,,,kh24,,,
11578286,60,Parts & Accessories,,,,,,,,New,,,,,kh24,,,
11578287,90,Parts & Accessories,,,,,,,,New,,,,,kh24,,,
11578288,25,Parts & Accessories,,,,,,,,New,,,,,kh24,,,
11587476,43000,Cars for Sale,,,,Mitsubishi,Lancer Evolution,2009,Plate Number,Used,Sedan,,,,kh24,,,
,,,,,,,,,,,,,,,kh24,,,
,,,,,,,,,,,,,,,kh24,,,
11471753,20500,Cars for Sale,,,,Toyota,Prius,2012,Tax Paper,New,Hatchback,,,,kh24,,,
,,,,,,,,,,,,,,,kh24,,,
11646513,205000,Cars for Sale,,,,Cadillac,Escalade ESV,2022,Plate Number,Used,,,,,kh24,,,
11678719,19000,Motorcycles For Sale,,,,Husqvarna,Other,2023,Tax Paper,New,,,,,kh24,,,
11190024,1650,Motorcycles For Sale,,,,Honda,Wave,2025,Tax Paper,New,,,,,kh24,,,
,,,,,,,,,,,,,,,kh24,,,
11542768,21500,Cars for Sale,,,,Toyota,Prius,2012,Tax Paper,Used,Hatchback,,,,kh24,,,
,,,,,,,,,,,,,,,kh24,,,
,,,,,,,,,,,,,,,kh24,,,
,,,,,,,,,,,,,,,kh24,,,
,,,,,,,,,,,,,,,kh24,,,
11657112,2399,Motorcycles For Sale,,,,Honda,Scoopy i,2024,Tax Paper,New,,,,,kh24,,,
11635795,18300,Cars for Sale,,,,Toyota,Prius,2010,Tax Paper,New,Hatchback,,,,kh24,,,
11664909,8500,Cars for Sale,,,,Toyota,Prius,2004,Plate Number,Used,Sedan,,,,kh24,,,
,,,,,,,,,,,,,,,kh24,,,
,,,,,,,,,,,,,,,kh24,,,
,,,,,,,,,,,,,,,kh24,,,
11670558,18800,Cars for Sale,,,,Toyota,Prius,2013,Tax Paper,New,Hatchback,,,,kh24,,,
11516452,60,Vehicles For Rent,,,,,,,,,,,,,kh24,,,
,,,,,,,,,,,,,,,kh24,,,
11685054,12000,Cars for Sale,,,,Kia,Morning,2017,Plate Number,Used,Hatchback,,,,kh24,,,
11668836,26000,Cars for Sale,,,,HUMMER,H2 SUT,2008,Plate Number,Used,Pickup,,,,kh24,,,
,,,,,,,,,,,,,,,kh24,,,
,,,,,,,,,,,,,,,kh24,,,
,,,,,,,,,,,,,,,kh24,,,
,,,,,,,,,,,,,,,kh24,,,
,,,,,,,,,,,,,,,kh24,,,
,,,,,,,,,,,,,,,kh24,,,
,,,,,,,,,,,,,,,kh24,,,
,,,,,,,,,,,,,,,kh24,,,
,,,,,,,,,,,,,,,kh24,,,
11345189,8900,Cars for Sale,,,,Toyota,Prius,2005,Plate Number,Used,Hatchback,,,,kh24,,,
,,,,,,,,,,,,,,,kh24,,,
,,,,,,,,,,,,,,,kh24,,,
,,,,,,,,,,,,,,,kh24,,,
,,,,,,,,,,,,,,,kh24,,,
11671315,66000,Cars for Sale,,,,GAC,GN8,2024,Tax Paper,New,MPV (Minivan),,,,kh24,,,
11671302,195000,Cars for Sale,,,,Cadillac,Escalade ESV,2022,Plate Number,New,SUV,,,,kh24,,,
,,,,,,,,,,,,,,,kh24,,,
,,,,,,,,,,,,,,,kh24,,,
11636069,135000,Cars for Sale,,,,Lexus,LX450d,2019,Plate Number,New,SUV,,,,kh24,,,
11636060,268000,Cars for Sale,,,,Mercedes-Benz,S-Class,2020,Plate Number,New,Sedan,,,,kh24,,,
,,,,,,,,,,,,,,,kh24,,,
11585855,125000,Cars for Sale,,,,Land Rover,Defender Ice Edition,2021,Plate Number,New,SUV,,,,kh24,,,
11613465,205000,Cars for Sale,,,,Cadillac,Escalade ESV,2022,Plate Number,New,SUV,,,,kh24,,,
,,,,,,,,,,,,,,,kh24,,,
,,,,,,,,,,,,,,,kh24,,,
,,,,,,,,,,,,,,,kh24,,,
11306592,9200,Cars for Sale,,,,Kia,Morning,2012,Tax Paper,Used,,,,,kh24,,,
,,,,,,,,,,,,,,,kh24,,,
11576835,65000,Cars for Sale,,,,GAC,GN8,2024,Tax Paper,New,MPV (Minivan),,,,kh24,,,
11585826,255000,Cars for Sale,,,,Mercedes-Benz,AMG 63 s edition,2021,Plate Number,New,SUV,,,,kh24,,,
,,,,,,,,,,,,,,,kh24,,,
,,,,,,,,,,,,,,,kh24,,,
11690148,56500,Cars for Sale,,,,Toyota,Alphard,2016,Plate Number,Used,MPV (Minivan),,,,kh24,,,
,,,,,,,,,,,,,,,kh24,,,
,,,,,,,,,,,,,,,kh24,,,
11518512,240000,Cars for Sale,,,,BMW,740LI,2024,Plate Number,New,Sedan,,,,kh24,,,
,,,,,,,,,,,,,,,kh24,,,
,,,,,,,,,,,,,,,kh24,,,
,,,,,,,,,,,,,,,kh24,,,
,,,,,,,,,,,,,,,kh24,,,
11675120,158000,Cars for Sale,,,,Lexus,LM,2020,Plate Number,New,MPV (Minivan),,,,kh24,,,
11675597,120000,Cars for Sale,,,,Land Rover,Defender,2020,Plate Number,New,SUV,,,,kh24,,,
11680679,158000,Cars for Sale,,,,Toyota,Land Cruiser,2023,Tax Paper,New,SUV,,,,kh24,,,
,,,,,,,,,,,,,,,kh24,,,
,,,,,,,,,,,,,,,kh24,,,
,,,,,,,,,,,,,,,kh24,,,
,,,,,,,,,,,,,,,kh24,,,
,,,,,,,,,,,,,,,kh24,,,
,,,,,,,,,,,,,,,kh24,,,
,,,,,,,,,,,,,,,kh24,,,
,,,,,,,,,,,,,,,kh24,,,
,,,,,,,,,,,,,,,kh24,,,
,,,,,,,,,,,,,,,kh24,,,
,,,,,,,,,,,,,,,kh24,,,
,,,,,,,,,,,,,,,kh24,,,
,,,,,,,,,,,,,,,kh24,,,
,,,,,,,,,,,,,,,kh24,,,
11223888,35,Parts & Accessories,,,,,,,,New,,,,,kh24,,,
11628766,11300,Cars for Sale,,,,Toyota,Prius,2007,Tax Paper,Used,Sedan,,,,kh24,,,
,,,,,,,,,,,,,,,kh24,,,
11693866,12100,Cars for Sale,,,,Toyota,Vitz,2014,Tax Paper,Used,,,,,kh24,,,
,,,,,,,,,,,,,,,kh24,,,
,,,,,,,,,,,,,,,kh24,,,
,,,,,,,,,,,,,,,kh24,,,
11223889,10,Parts & Accessories,,,,,,,,New,,,,,kh24,,,
,,,,,,,,,,,,,,,kh24,,,
,,,,,,,,,,,,,,,kh24,,,
11269328,7500,Cars for Sale,,,,Toyota,Vitz,2006,Plate Number,Used,Sedan,,,,kh24,,,
,,,,,,,,,,,,,,,kh24,,,
,,,,,,,,,,,,,,,kh24,,,
11586981,20500,Cars for Sale,,,,Toyota,Prius,2013,Tax Paper,Used,,,,,kh24,,,
,,,,,,,,,,,,,,,kh24,,,
11699527,8600,Cars for Sale,,,,Toyota,Prius,2004,Plate Number,Used,Sedan,,,,kh24,,,
,,,,,,,,,,,,,,,kh24,,,
11216965,15000,Cars for Sale,,,,Leapmotor,T03,2024,Tax Paper,New,Sedan,,,,kh24,,,
11553404,1080,Motorcycles For Sale,,,,Honda,Scoopy i,2013,Plate Number,Used,,,,,kh24,,,
,,,,,,,,,,,,,,,kh24,,,
11586108,14300,Cars for Sale,,,,Lexus,IS,2006,Plate Number,Used,Sedan,,,,kh24,,,
,,,,,,,,,,,,,,,kh24,,,
,,,,,,,,,,,,,,,kh24,,,
11497997,40,Vehicles For Rent,,,,,,,,,,,,,kh24,,,
11551818,1145,Vehicles For Rent,,,,,,,,,,,,,kh24,,,
,,,,,,,,,,,,,,,kh24,,,
,,,,,,,,,,,,,,,kh24,,,
11565118,23600,Cars for Sale,,,,Toyota,Alphard,2010,Tax Paper,Used,Other,,,,kh24,,,
11448749,39550,Cars for Sale,,,,Ford,F-350 Super Duty,2020,Plate Number,Used,Pickup,,,,kh24,,,
,,,,,,,,,,,,,,,kh24,,,
,,,,,,,,,,,,,,,kh24,,,
11291496,48900,Cars for Sale,,,,GAC,GS8,2025,Tax Paper,New,SUV,,,,kh24,,,
11410433,21500,Cars for Sale,,,,Kia,Carnival,2015,Tax Paper,Used,MPV (Minivan),,,,kh24,,,
,,,,,,,,,,,,,,,kh24,,,
,,,,,,,,,,,,,,,kh24,,,
,,,,,,,,,,,,,,,kh24,,,
,,,,,,,,,,,,,,,kh24,,,
11496004,570,Bicycles,,,,,,,,New,,,,,kh24,,,
,,,,,,,,,,,,,,,kh24,,,
11498114,190000,Cars for Sale,,,,Mercedes-Benz,S-Class,2015,Tax Paper,Used,Sports,,,,kh24,,,
,,,,,,,,,,,,,,,kh24,,,
11657186,1380,Motorcycles For Sale,,,,Honda,Click,2017,Plate Number,Used,,,,,kh24,,,
,,,,,,,,,,,,,,,kh24,,,
11306011,48888,Cars for Sale,,,,Tesla,Model 3,2024,Tax Paper,New,Sedan,,,,kh24,,,
11549073,22100,Cars for Sale,,,,Kia,Carnival,2015,Tax Paper,Used,MPV (Minivan),,,,kh24,,,
11691102,1421,Motorcycles For Sale,,,,Kawasaki,Ninja,2010,Plate Number,Used,,,,,kh24,,,
11537558,51200,Cars for Sale,,,,Toyota,Alphard,2015,Tax Paper,Used,Other,,,,kh24,,,
,,,,,,,,,,,,,,,kh24,,,
11690703,64800,Cars for Sale,,,,Toyota,Alphard,2015,Tax Paper,New,MPV (Minivan),,,,kh24,,,
,,,,,,,,,,,,,,,kh24,,,
11673048,60,Vehicles For Rent,,,,,,,,,,,,,kh24,,,
,,,,,,,,,,,,,,,kh24,,,
,,,,,,,,,,,,,,,kh24,,,
,,,,,,,,,,,,,,,kh24,,,
,,,,,,,,,,,,,,,kh24,,,
11611695,42000,Cars for Sale,,,,Toyota,Land Cruiser,2010,Plate Number,Used,SUV,,,,kh24,,,
11581073,60000,Cars for Sale,,,,Toyota,Alphard,2015,Plate Number,Used,MPV (Minivan),,,,kh24,,,
11505502,25,Maintenance & Repair,,,,,,,,,,,,,kh24,,,
,,,,,,,,,,,,,,,kh24,,,
,,,,,,,,,,,,,,,kh24,,,
11581615,7100,Motorcycles For Sale,,,,Harley Davidson,Other,2006,Plate Number,New,,,,,kh24,,,
,,,,,,,,,,,,,,,kh24,,,
,,,,,,,,,,,,,,,kh24,,,
11587674,2,Parts & Accessories,,,,,,,,New,,,,,kh24,,,
,,,,,,,,,,,,,,,kh24,,,
11650340,30000,Cars for Sale,,,,Hyundai,Truck,2005,Plate Number,Used,Other,,,,kh24,,,
,,,,,,,,,,,,,,,kh24,,,
11699520,140,Parts & Accessories,,,,,,,,New,,,,,kh24,,,
,,,,,,,,,,,,,,,kh24,,,
,,,,,,,,,,,,,,,kh24,,,
,,,,,,,,,,,,,,,kh24,,,
,,,,,,,,,,,,,,,kh24,,,
,,,,,,,,,,,,,,,kh24,,,
,,,,,,,,,,,,,,,kh24,,,
11699519,780,Motorcycles For Sale,,,,Honda,Click,2015,Plate Number,Used,,,,,kh24,,,
,,,,,,,,,,,,,,,kh24,,,
11676401,17300,Cars for Sale,,,,Toyota,Prius,2011,Tax Paper,New,Hatchback,,,,kh24,,,
,,,,,,,,,,,,,,,kh24,,,
11448750,24550,Cars for Sale,,,,Audi,A5,2011,Plate Number,Used,Hatchback,,,,kh24,,,
,,,,,,,,,,,,,,,kh24,,,
,,,,,,,,,,,,,,,kh24,,,
11563183,44000,Cars for Sale,,,,Volkswagen,ID.4,2024,Tax Paper,New,SUV,,,,kh24,,,
,,,,,,,,,,,,,,,kh24,,,
,,,,,,,,,,,,,,,kh24,,,
,,,,,,,,,,,,,,,kh24,,,
,,,,,,,,,,,,,,,kh24,,,
,,,,,,,,,,,,,,,kh24,,,
,,,,,,,,,,,,,,,kh24,,,
,,,,,,,,,,,,,,,kh24,,,
,,,,,,,,,,,,,,,kh24,,,
,,,,,,,,,,,,,,,kh24,,,
,,,,,,,,,,,,,,,kh24,,,
11675781,450,Bicycles,,,,,,,,Used,,,,,kh24,,,
11699513,205000,Cars for Sale,,,,Mercedes-Benz,G-Class,2021,Plate Number,Used,,,,,kh24,,,
11695704,40,Parts & Accessories,,,,,,,,New,,,,,kh24,,,
,,,,,,,,,,,,,,,kh24,,,
11642295,390,Parts & Accessories,,,,,,,,Used,,,,,kh24,,,
11664656,24800,Cars for Sale,,,,Honda,HR-V,2021,Plate Number,Used,SUV,,,,kh24,,,
11349247,34800,Cars for Sale,,,,Toyota,BZ4x,2023,Plate Number,Used,SUV,,,,kh24,,,
11542096,20900,Cars for Sale,,,,Toyota,Raize,2023,Plate Number,Used,SUV,,,,kh24,,,
,,,,,,,,,,,,,,,kh24,,,
11528189,195,Parts & Accessories,,,,,,,,Used,,,,,kh24,,,
,,,,,,,,,,,,,,,kh24,,,
11179462,110,Parts & Accessories,,,,,,,,Used,,,,,kh24,,,
,,,,,,,,,,,,,,,kh24,,,
,,,,,,,,,,,,,,,kh24,,,
11623017,75,Parts & Accessories,,,,,,,,Used,,,,,kh24,,,
11623022,185,Parts & Accessories,,,,,,,,Used,,,,,kh24,,,
,,,,,,,,,,,,,,,kh24,,,
11231819,790,Motorcycles For Sale,,,,Honda,Zoomer-X,2017,Plate Number,Used,,,,,kh24,,,
,,,,,,,,,,,,,,,kh24,,,
11581073,60000,Cars for Sale,,,,Toyota,Alphard,2015,Plate Number,Used,MPV (Minivan),,,,kh24,,,
11363177,21900,Cars for Sale,,,,SsangYong,Tivoli,2022,Plate Number,Used,SUV,,,,kh24,,,
,,,,,,,,,,,,,,,kh24,,,
,,,,,,,,,,,,,,,kh24,,,
11495673,18000,Cars for Sale,,,,Toyota,Prius,2013,Tax Paper,New,Hatchback,,,,kh24,,,
11440103,13900,Cars for Sale,,,,Toyota,Prius,2008,Tax Paper,Used,Hatchback,,,,kh24,,,
11699506,220,Motorcycles For Sale,,,,Honda,Other,2018,Plate Number,Used,,,,,kh24,,,
11549696,499,Vehicles For Rent,,,,,,,,,,,,,kh24,,,
11648710,23000,Cars for Sale,,,,Toyota,Prius,2013,Tax Paper,New,SUV,,,,kh24,,,
,,,,,,,,,,,,,,,kh24,,,
11656350,21462,Cars for Sale,,,,Toyota,Raize,2023,Plate Number,Used,SUV,,,,kh24,,,
,,,,,,,,,,,,,,,kh24,,,
11333256,307500,Cars for Sale,,,,Rolls-Royce,Phantom Extended,2015,Plate Number,Used,Sedan,,,,kh24,,,
,,,,,,,,,,,,,,,kh24,,,
,,,,,,,,,,,,,,,kh24,,,
,,,,,,,,,,,,,,,kh24,,,
11418606,45,Bicycles,,,,,,,,Used,,,,,kh24,,,
,,,,,,,,,,,,,,,kh24,,,
,,,,,,,,,,,,,,,kh24,,,
,,,,,,,,,,,,,,,kh24,,,
,,,,,,,,,,,,,,,kh24,,,
11557512,19900,Cars for Sale,,,,Toyota,Raize,2023,Plate Number,Used,SUV,,,,kh24,,,
11664640,24800,Cars for Sale,,,,Honda,HR-V,2021,Plate Number,Used,SUV,,,,kh24,,,
,,,,,,,,,,,,,,,kh24,,,
11186321,480,Motorcycles For Sale,,,,Suzuki,Other,1980,Plate Number,New,,,,,kh24,,,
,,,,,,,,,,,,,,,kh24,,,
11584751,18700,Cars for Sale,,,,Toyota,Prius,2013,Plate Number,Used,Sedan,,,,kh24,,,
,,,,,,,,,,,,,,,kh24,,,
11260361,20500,Cars for Sale,,,,Toyota,Prius,2012,Tax Paper,New,Hatchback,,,,kh24,,,
11387939,35000,Cars for Sale,,,,Toyota,Land Cruiser,2009,Plate Number,Used,SUV,,,,kh24,,,
11679526,15000,Cars for Sale,,,,Hyundai,Starex H1,2010,Plate Number,New,MPV (Minivan),,,,kh24,,,
11691102,1421,Motorcycles For Sale,,,,Kawasaki,Ninja,2010,Plate Number,Used,,,,,kh24,,,
,,,,,,,,,,,,,,,kh24,,,
11678061,9500,Cars for Sale,,,,Toyota,Prius,2005,Plate Number,Used,,,,,kh24,,,
,,,,,,,,,,,,,,,kh24,,,
11236216,2090,Motorcycles For Sale,,,,Honda,Scoopy i,2021,Tax Paper,New,,,,,kh24,,,
11579620,2790,Motorcycles For Sale,,,,Honda,PCX,2021,Plate Number,Used,,,,,kh24,,,
,,,,,,,,,,,,,,,kh24,,,
,,,,,,,,,,,,,,,kh24,,,
11536413,16200,Cars for Sale,,,,Land Rover,Range Rover Evoque,2013,Plate Number,Used,SUV,,,,kh24,,,
,,,,,,,,,,,,,,,kh24,,,
11699480,18700,Cars for Sale,,,,Hyundai,Santa Fe,2013,Plate Number,Used,,,,,kh24,,,
,,,,,,,,,,,,,,,kh24,,,
,,,,,,,,,,,,,,,kh24,,,
,,,,,,,,,,,,,,,kh24,,,
11273246,1390,Motorcycles For Sale,,,,Honda,Wave,2025,Tax Paper,New,,,,,kh24,,,
,,,,,,,,,,,,,,,kh24,,,
,,,,,,,,,,,,,,,kh24,,,
11242295,36900,Cars for Sale,,,,Toyota,Camry,2019,Plate Number,Used,Sedan,,,,kh24,,,
11673048,60,Vehicles For Rent,,,,,,,,,,,,,kh24,,,
11610026,22500,Cars for Sale,,,,Audi,Q7,2014,Tax Paper,Used,SUV,,,,kh24,,,
11678061,9500,Cars for Sale,,,,Toyota,Prius,2005,Plate Number,Used,,,,,kh24,,,
,,,,,,,,,,,,,,,kh24,,,
11694593,19500,Cars for Sale,,,,Toyota,Prius,2010,Tax Paper,New,Sedan,,,,kh24,,,
,,,,,,,,,,,,,,,kh24,,,
,,,,,,,,,,,,,,,kh24,,,
,,,,,,,,,,,,,,,kh24,,,
11684072,18800,Cars for Sale,,,,Toyota,Prius,2013,Tax Paper,Used,Hatchback,,,,kh24,,,
11691102,1421,Motorcycles For Sale,,,,Kawasaki,Ninja,2010,Plate Number,Used,,,,,kh24,,,
,,,,,,,,,,,,,,,kh24,,,
,,,,,,,,,,,,,,,kh24,,,
,,,,,,,,,,,,,,,kh24,,,
11565118,23600,Cars for Sale,,,,Toyota,Alphard,2010,Tax Paper,Used,Other,,,,kh24,,,
11448750,24550,Cars for Sale,,,,Audi,A5,2011,Plate Number,Used,Hatchback,,,,kh24,,,
,,,,,,,,,,,,,,,kh24,,,
11554346,12000,Cars for Sale,,,,Lexus,RX300,2003,Plate Number,Used,SUV,,,,kh24,,,
11500285,7500,Lorries, Vans & Tractors,,,,,,,,Used,,,,,kh24,,,
11636250,22800,Cars for Sale,,,,Toyota,Prius,2012,Tax Paper,Used,Hatchback,,,,kh24,,,
,,,,,,,,,,,,,,,kh24,,,
11549721,600,Motorcycles For Sale,,,,Honda,Today,2014,Tax Paper,New,,,,,kh24,,,
,,,,,,,,,,,,,,,kh24,,,
,,,,,,,,,,,,,,,kh24,,,
11551791,1345,Vehicles For Rent,,,,,,,,,,,,,kh24,,,
,,,,,,,,,,,,,,,kh24,,,
11687808,32800,Cars for Sale,,,,Hyundai,H1,2020,Plate Number,Used,MPV (Minivan),,,,kh24,,,
,,,,,,,,,,,,,,,kh24,,,
,,,,,,,,,,,,,,,kh24,,,
,,,,,,,,,,,,,,,kh24,,,
11370887,23900,Cars for Sale,,,,Hyundai,H1,2017,Plate Number,Used,MPV (Minivan),,,,kh24,,,
11621179,48800,Cars for Sale,,,,Land Rover,Range Rover,2015,Plate Number,Used,SUV,,,,kh24,,,
11231819,790,Motorcycles For Sale,,,,Honda,Zoomer-X,2017,Plate Number,Used,,,,,kh24,,,
,,,,,,,,,,,,,,,kh24,,,
11691102,1421,Motorcycles For Sale,,,,Kawasaki,Ninja,2010,Plate Number,Used,,,,,kh24,,,
11611695,42000,Cars for Sale,,,,Toyota,Land Cruiser,2010,Plate Number,Used,SUV,,,,kh24,,,
,,,,,,,,,,,,,,,kh24,,,
,,,,,,,,,,,,,,,kh24,,,
11664280,25500,Cars for Sale,,,,Toyota,Tacoma,2013,Plate Number,Used,,,,,kh24,,,
,,,,,,,,,,,,,,,kh24,,,
,,,,,,,,,,,,,,,kh24,,,
,,,,,,,,,,,,,,,kh24,,,
,,,,,,,,,,,,,,,kh24,,,
11699452,1800,Motorcycles For Sale,,,,Honda,Click,2020,Plate Number,Used,,,,,kh24,,,
11360456,60,Parts & Accessories,,,,,,,,Used,,,,,kh24,,,
,,,,,,,,,,,,,,,kh24,,,
,,,,,,,,,,,,,,,kh24,,,
,,,,,,,,,,,,,,,kh24,,,
11532551,28130,Cars for Sale,,,,BAIC,X55,2021,Plate Number,Used,SUV,,,,kh24,,,
11484330,3800,Cars for Sale,,,,Kia,Morning,2005,Plate Number,Used,Sedan,,,,kh24,,,
,,,,,,,,,,,,,,,kh24,,,
11653035,2600,Motorcycles For Sale,,,,Honda,Scoopy i,2024,Tax Paper,New,,,,,kh24,,,
11665037,25900,Cars for Sale,,,,Kia,Grand Carnival,2019,Plate Number,Used,MPV (Minivan),,,,kh24,,,
,,,,,,,,,,,,,,,kh24,,,
,,,,,,,,,,,,,,,kh24,,,
,,,,,,,,,,,,,,,kh24,,,
11616028,17900,Cars for Sale,,,,Toyota,Prius,2010,Tax Paper,New,Sedan,,,,kh24,,,
11231819,790,Motorcycles For Sale,,,,Honda,Zoomer-X,2017,Plate Number,Used,,,,,kh24,,,
,,,,,,,,,,,,,,,kh24,,,
11673048,60,Vehicles For Rent,,,,,,,,,,,,,kh24,,,
11668836,26000,Cars for Sale,,,,HUMMER,H2 SUT,2008,Plate Number,Used,Pickup,,,,kh24,,,
11656621,2200,Motorcycles For Sale,,,,Honda,CB,2016,Plate Number,Used,,,,,kh24,,,
,,,,,,,,,,,,,,,kh24,,,
11582193,20,Vehicles For Rent,,,,,,,,,,,,,kh24,,,
,,,,,,,,,,,,,,,kh24,,,
,,,,,,,,,,,,,,,kh24,,,
,,,,,,,,,,,,,,,kh24,,,
,,,,,,,,,,,,,,,kh24,,,
11589520,33000,Cars for Sale,,,,SsangYong,Torres,2024,Plate Number,Used,SUV,,,,kh24,,,
,,,,,,,,,,,,,,,kh24,,,
11441537,400,Vehicles For Rent,,,,,,,,,,,,,kh24,,,
11556749,1170,Motorcycles For Sale,,,,Honda,Other,2011,Plate Number,Used,,,,,kh24,,,
11672282,18500,Cars for Sale,,,,Toyota,Prius,2012,Tax Paper,Used,Hatchback,,,,kh24,,,
11479915,11000,Cars for Sale,,,,Lexus,RX300,2002,Plate Number,Used,Other,,,,kh24,,,
11629622,599,Tuk Tuk & Remork,,,,,,,,,,,,,kh24,,,
11504511,16999,Cars for Sale,,,,Toyota,Prius,2012,Tax Paper,New,Hatchback,,,,kh24,,,
,,,,,,,,,,,,,,,kh24,,,
,,,,,,,,,,,,,,,kh24,,,
,,,,,,,,,,,,,,,kh24,,,
,,,,,,,,,,,,,,,kh24,,,
11543514,349,Vehicles For Rent,,,,,,,,,,,,,kh24,,,
11495295,36800,Cars for Sale,,,,Lexus,NX,2016,Plate Number,Used,SUV,,,,kh24,,,
,,,,,,,,,,,,,,,kh24,,,
11661631,85,Bicycles,,,,,,,,New,,,,,kh24,,,
11660720,95,Bicycles,,,,,,,,New,,,,,kh24,,,
,,,,,,,,,,,,,,,kh24,,,
,,,,,,,,,,,,,,,kh24,,,
11665601,9000,Cars for Sale,,,,Mercedes-Benz,E 280,2009,Plate Number,Used,Sedan,,,,kh24,,,
,,,,,,,,,,,,,,,kh24,,,
,,,,,,,,,,,,,,,kh24,,,
,,,,,,,,,,,,,,,kh24,,,
,,,,,,,,,,,,,,,kh24,,,
11696421,45000,Cars for Sale,,,,Lexus,LX570,2008,Plate Number,New,,,,,kh24,,,
11684072,18800,Cars for Sale,,,,Toyota,Prius,2013,Tax Paper,Used,Hatchback,,,,kh24,,,
,,,,,,,,,,,,,,,kh24,,,
,,,,,,,,,,,,,,,kh24,,,
,,,,,,,,,,,,,,,kh24,,,
11645157,12350,Cars for Sale,,,,Toyota,Prius,2008,Tax Paper,Used,Sedan,,,,kh24,,,
,,,,,,,,,,,,,,,kh24,,,
11638295,19500,Cars for Sale,,,,Toyota,Prius,2012,Plate Number,New,SUV,,,,kh24,,,
11685692,19000,Cars for Sale,,,,Lexus,CT,2011,Plate Number,New,SUV,,,,kh24,,,
11666571,70,Parts & Accessories,,,,,,,,Used,,,,,kh24,,,
11229231,21500,Cars for Sale,,,,Land Rover,Range Rover Vogue,2011,Plate Number,Used,SUV,,,,kh24,,,
,,,,,,,,,,,,,,,kh24,,,
,,,,,,,,,,,,,,,kh24,,,
,,,,,,,,,,,,,,,kh24,,,
11551821,1148,Vehicles For Rent,,,,,,,,,,,,,kh24,,,
11689459,25500,Cars for Sale,,,,Land Rover,Discovery 4,2011,Plate Number,Used,SUV,,,,kh24,,,
,,,,,,,,,,,,,,,kh24,,,
11610026,22500,Cars for Sale,,,,Audi,Q7,2014,Tax Paper,Used,SUV,,,,kh24,,,
,,,,,,,,,,,,,,,kh24,,,
,,,,,,,,,,,,,,,kh24,,,
11448750,24550,Cars for Sale,,,,Audi,A5,2011,Plate Number,Used,Hatchback,,,,kh24,,,
11678061,9500,Cars for Sale,,,,Toyota,Prius,2005,Plate Number,Used,,,,,kh24,,,
11399784,40,Vehicles For Rent,,,,,,,,,,,,,kh24,,,
11614313,60,Vehicles For Rent,,,,,,,,,,,,,kh24,,,
11565118,23600,Cars for Sale,,,,Toyota,Alphard,2010,Tax Paper,Used,Other,,,,kh24,,,
,,,,,,,,,,,,,,,kh24,,,
,,,,,,,,,,,,,,,kh24,,,
11694593,19500,Cars for Sale,,,,Toyota,Prius,2010,Tax Paper,New,Sedan,,,,kh24,,,
11684072,18800,Cars for Sale,,,,Toyota,Prius,2013,Tax Paper,Used,Hatchback,,,,kh24,,,
11676401,17300,Cars for Sale,,,,Toyota,Prius,2011,Tax Paper,New,Hatchback,,,,kh24,,,
11662843,1380,Motorcycles For Sale,,,,Honda,Dream,2009,Plate Number,Used,,,,,kh24,,,
,,,,,,,,,,,,,,,kh24,,,
11678766,18000,Motorcycles For Sale,,,,KTM,890 ADVENTURE R,2023,Tax Paper,New,,,,,kh24,,,
11688934,19500,Cars for Sale,,,,Lexus,RX330,2004,Plate Number,Used,SUV,,,,kh24,,,
11571395,36500,Cars for Sale,,,,Chevrolet,Trailblazer,2024,Tax Paper,New,SUV,,,,kh24,,,
,,,,,,,,,,,,,,,kh24,,,
11480654,72900,Cars for Sale,,,,Hyundai,Santa Fe,2025,Tax Paper,New,SUV,,,,kh24,,,
11582549,22800,Cars for Sale,,,,Toyota,Prius,2012,Tax Paper,New,Sedan,,,,kh24,,,
11298700,80,Parts & Accessories,,,,,,,,New,,,,,kh24,,,
11206617,18500,Cars for Sale,,,,Toyota,Prius,2012,Tax Paper,New,Hatchback,,,,kh24,,,
11619110,60,Vehicles For Rent,,,,,,,,,,,,,kh24,,,
11462050,650,Motorcycles For Sale,,,,Other,,2024,Plate Number,Used,,,,,kh24,,,
,,,,,,,,,,,,,,,kh24,,,
11688953,22500,Cars for Sale,,,,Lexus,LX470,2004,Plate Number,Used,SUV,,,,kh24,,,
11456163,37500,Cars for Sale,,,,Lexus,NX,2015,Plate Number,Used,SUV,,,,kh24,,,
11616297,60,Parts & Accessories,,,,,,,,Used,,,,,kh24,,,
11516452,60,Vehicles For Rent,,,,,,,,,,,,,kh24,,,
,,,,,,,,,,,,,,,kh24,,,
,,,,,,,,,,,,,,,kh24,,,
11690703,64800,Cars for Sale,,,,Toyota,Alphard,2015,Tax Paper,New,MPV (Minivan),,,,kh24,,,
11695433,2750,Lorries, Vans & Tractors,,,,,,,,Used,,,,,kh24,,,
,,,,,,,,,,,,,,,kh24,,,
11577000,390,Bicycles,,,,,,,,New,,,,,kh24,,,
11616282,25,Parts & Accessories,,,,,,,,Used,,,,,kh24,,,
11475668,375,Bicycles,,,,,,,,New,,,,,kh24,,,
11638603,290,Bicycles,,,,,,,,New,,,,,kh24,,,
,,,,,,,,,,,,,,,kh24,,,
,,,,,,,,,,,,,,,kh24,,,
11404167,15,Maintenance & Repair,,,,,,,,,,,,,kh24,,,
11684660,24300,Cars for Sale,,,,Ford,Mustang,2015,Plate Number,Used,Hatchback,,,,kh24,,,
11699396,8800,Cars for Sale,,,,Lexus,RX300,2000,Plate Number,Used,SUV,,,,kh24,,,
,,,,,,,,,,,,,,,kh24,,,
,,,,,,,,,,,,,,,kh24,,,
,,,,,,,,,,,,,,,kh24,,,
,,,,,,,,,,,,,,,kh24,,,
11688381,18200,Cars for Sale,,,,Lexus,RX330,2004,Plate Number,Used,,,,,kh24,,,
,,,,,,,,,,,,,,,kh24,,,
11498253,220,Parts & Accessories,,,,,,,,New,,,,,kh24,,,
11559414,399,Vehicles For Rent,,,,,,,,,,,,,kh24,,,
,,,,,,,,,,,,,,,kh24,,,
,,,,,,,,,,,,,,,kh24,,,
11699392,250,Parts & Accessories,,,,,,,,New,,,,,kh24,,,
,,,,,,,,,,,,,,,kh24,,,
11699389,26800,Cars for Sale,,,,Toyota,Tacoma,2012,Tax Paper,New,Pickup,,,,kh24,,,
11699387,11900,Cars for Sale,,,,Toyota,Prius,2009,Plate Number,Used,Sedan,,,,kh24,,,
,,,,,,,,,,,,,,,kh24,,,
,,,,,,,,,,,,,,,kh24,,,
,,,,,,,,,,,,,,,kh24,,,
,,,,,,,,,,,,,,,kh24,,,
11645765,19900,Cars for Sale,,,,Toyota,Prius,2013,Tax Paper,New,Hatchback,,,,kh24,,,
11666465,1900,Motorcycles For Sale,,,,Yamaha,Other,2020,Plate Number,Used,,,,,kh24,,,
11676401,17300,Cars for Sale,,,,Toyota,Prius,2011,Tax Paper,New,Hatchback,,,,kh24,,,
11516452,60,Vehicles For Rent,,,,,,,,,,,,,kh24,,,
,,,,,,,,,,,,,,,kh24,,,
11671629,870,Motorcycles For Sale,,,,Honda,Zoomer-X,2017,Plate Number,Used,,,,,kh24,,,
11657165,800,Motorcycles For Sale,,,,GPX,POPz,2021,Plate Number,Used,,,,,kh24,,,
11684239,30,Parts & Accessories,,,,,,,,Used,,,,,kh24,,,
11684226,75,Parts & Accessories,,,,,,,,Used,,,,,kh24,,,
11684196,55,Parts & Accessories,,,,,,,,Used,,,,,kh24,,,
,,,,,,,,,,,,,,,kh24,,,
11673048,60,Vehicles For Rent,,,,,,,,,,,,,kh24,,,
,,,,,,,,,,,,,,,kh24,,,
,,,,,,,,,,,,,,,kh24,,,
11565118,23600,Cars for Sale,,,,Toyota,Alphard,2010,Tax Paper,Used,Other,,,,kh24,,,
11684072,18800,Cars for Sale,,,,Toyota,Prius,2013,Tax Paper,Used,Hatchback,,,,kh24,,,
11448750,24550,Cars for Sale,,,,Audi,A5,2011,Plate Number,Used,Hatchback,,,,kh24,,,
,,,,,,,,,,,,,,,kh24,,,
,,,,,,,,,,,,,,,kh24,,,
11676401,17300,Cars for Sale,,,,Toyota,Prius,2011,Tax Paper,New,Hatchback,,,,kh24,,,
,,,,,,,,,,,,,,,kh24,,,
11505502,25,Maintenance & Repair,,,,,,,,,,,,,kh24,,,
,,,,,,,,,,,,,,,kh24,,,
,,,,,,,,,,,,,,,kh24,,,
11690703,64800,Cars for Sale,,,,Toyota,Alphard,2015,Tax Paper,New,MPV (Minivan),,,,kh24,,,
,,,,,,,,,,,,,,,kh24,,,
,,,,,,,,,,,,,,,kh24,,,
11616236,420,Parts & Accessories,,,,,,,,Used,,,,,kh24,,,
11255892,18200,Cars for Sale,,,,Toyota,Prius,2010,Tax Paper,Used,Hatchback,,,,kh24,,,
11542242,399,Vehicles For Rent,,,,,,,,,,,,,kh24,,,
11672219,22500,Cars for Sale,,,,Toyota,Prius,2012,Tax Paper,Used,Sedan,,,,kh24,,,
,,,,,,,,,,,,,,,kh24,,,
11538710,399,Vehicles For Rent,,,,,,,,,,,,,kh24,,,
,,,,,,,,,,,,,,,kh24,,,
,,,,,,,,,,,,,,,kh24,,,
11673617,12,Parts & Accessories,,,,,,,,New,,,,,kh24,,,
11639354,9000,Cars for Sale,,,,Toyota,Prius,2012,Tax Paper,New,Hatchback,,,,kh24,,,
,,,,,,,,,,,,,,,kh24,,,
,,,,,,,,,,,,,,,kh24,,,
,,,,,,,,,,,,,,,kh24,,,
,,,,,,,,,,,,,,,kh24,,,
,,,,,,,,,,,,,,,kh24,,,
11439164,1480,Motorcycles For Sale,,,,Other,,2025,Tax Paper,New,,,,,kh24,,,
,,,,,,,,,,,,,,,kh24,,,
11685054,12000,Cars for Sale,,,,Kia,Morning,2017,Plate Number,Used,Hatchback,,,,kh24,,,
,,,,,,,,,,,,,,,kh24,,,
11408457,370,Vehicles For Rent,,,,,,,,,,,,,kh24,,,
11442719,34900,Cars for Sale,,,,DFSK,E5,2023,Plate Number,Used,SUV,,,,kh24,,,
,,,,,,,,,,,,,,,kh24,,,
,,,,,,,,,,,,,,,kh24,,,
11416607,12000,Cars for Sale,,,,Toyota,Prius,2006,Tax Paper,Used,Sedan,,,,kh24,,,
,,,,,,,,,,,,,,,kh24,,,
,,,,,,,,,,,,,,,kh24,,,
11677632,17500,Cars for Sale,,,,Toyota,Camry,2007,Plate Number,Used,Sedan,,,,kh24,,,
,,,,,,,,,,,,,,,kh24,,,
,,,,,,,,,,,,,,,kh24,,,
11499597,43000,Cars for Sale,,,,Land Rover,Range Rover Vogue,2014,Plate Number,Used,SUV,,,,kh24,,,
11342559,95000,Cars for Sale,,,,Toyota,Granvia,2022,Plate Number,Used,MPV (Minivan),,,,kh24,,,
11582188,20,Vehicles For Rent,,,,,,,,,,,,,kh24,,,
,,,,,,,,,,,,,,,kh24,,,
11690703,64800,Cars for Sale,,,,Toyota,Alphard,2015,Tax Paper,New,MPV (Minivan),,,,kh24,,,
11691102,1421,Motorcycles For Sale,,,,Kawasaki,Ninja,2010,Plate Number,Used,,,,,kh24,,,
11399784,40,Vehicles For Rent,,,,,,,,,,,,,kh24,,,
,,,,,,,,,,,,,,,kh24,,,
,,,,,,,,,,,,,,,kh24,,,
11610026,22500,Cars for Sale,,,,Audi,Q7,2014,Tax Paper,Used,SUV,,,,kh24,,,
11565118,23600,Cars for Sale,,,,Toyota,Alphard,2010,Tax Paper,Used,Other,,,,kh24,,,
11614313,60,Vehicles For Rent,,,,,,,,,,,,,kh24,,,
11620691,18000,Cars for Sale,,,,Hyundai,Santa Fe,2018,Plate Number,Used,SUV,,,,kh24,,,
11694593,19500,Cars for Sale,,,,Toyota,Prius,2010,Tax Paper,New,Sedan,,,,kh24,,,
,,,,,,,,,,,,,,,kh24,,,
11673048,60,Vehicles For Rent,,,,,,,,,,,,,kh24,,,
11611695,42000,Cars for Sale,,,,Toyota,Land Cruiser,2010,Plate Number,Used,SUV,,,,kh24,,,
,,,,,,,,,,,,,,,kh24,,,
11605043,10950,Cars for Sale,,,,Toyota,Vitz,2014,Tax Paper,New,Hatchback,,,,kh24,,,
11433348,11000,Cars for Sale,,,,Toyota,Vitz,2015,Plate Number,Used,Hatchback,,,,kh24,,,
,,,,,,,,,,,,,,,kh24,,,
,,,,,,,,,,,,,,,kh24,,,
,,,,,,,,,,,,,,,kh24,,,
11695346,55800,Cars for Sale,,,,Lexus,RX300,2016,Plate Number,Used,SUV,,,,kh24,,,
,,,,,,,,,,,,,,,kh24,,,
,,,,,,,,,,,,,,,kh24,,,
11612382,560,Motorcycles For Sale,,,,Suzuki,Other,1999,Tax Paper,Used,,,,,kh24,,,
,,,,,,,,,,,,,,,kh24,,,
,,,,,,,,,,,,,,,kh24,,,
,,,,,,,,,,,,,,,kh24,,,
,,,,,,,,,,,,,,,kh24,,,
,,,,,,,,,,,,,,,kh24,,,
,,,,,,,,,,,,,,,kh24,,,
,,,,,,,,,,,,,,,kh24,,,
,,,,,,,,,,,,,,,kh24,,,
,,,,,,,,,,,,,,,kh24,,,
,,,,,,,,,,,,,,,kh24,,,
11676401,17300,Cars for Sale,,,,Toyota,Prius,2011,Tax Paper,New,Hatchback,,,,kh24,,,
,,,,,,,,,,,,,,,kh24,,,
11477211,49500,Cars for Sale,,,,Land Rover,Discovery,2017,Plate Number,Used,SUV,,,,kh24,,,
11331517,56500,Cars for Sale,,,,Lexus,RX200T,2016,Plate Number,Used,SUV,,,,kh24,,,
11639894,1750,Motorcycles For Sale,,,,Honda,Scoopy i,2023,Plate Number,Used,,,,,kh24,,,
,,,,,,,,,,,,,,,kh24,,,
11331415,33000,Cars for Sale,,,,HONGQI,HS5,2020,Plate Number,Used,SUV,,,,kh24,,,
11548418,36000,Cars for Sale,,,,Volkswagen,Tiguan,2020,Plate Number,Used,SUV,,,,kh24,,,
,,,,,,,,,,,,,,,kh24,,,
11667744,16800,Cars for Sale,,,,Toyota,Highlander,2002,Plate Number,Used,SUV,,,,kh24,,,
,,,,,,,,,,,,,,,kh24,,,
11324607,36000,Cars for Sale,,,,Mercedes-Benz,C300,2015,Tax Paper,New,,,,,kh24,,,
11474553,1100,Vehicles For Rent,,,,,,,,,,,,,kh24,,,
,,,,,,,,,,,,,,,kh24,,,
11699353,5100,Cars for Sale,,,,Toyota,Camry,1999,Plate Number,Used,,,,,kh24,,,
11493549,6800,Cars for Sale,,,,Toyota,Matrix,2003,Plate Number,Used,,,,,kh24,,,
,,,,,,,,,,,,,,,kh24,,,
11577795,4500,Cars for Sale,,,,Kia,Morning,2004,Tax Paper,Used,,,,,kh24,,,
,,,,,,,,,,,,,,,kh24,,,
11510368,22800,Cars for Sale,,,,Toyota,Prius,2014,Tax Paper,Used,Hatchback,,,,kh24,,,
,,,,,,,,,,,,,,,kh24,,,
,,,,,,,,,,,,,,,kh24,,,
11594085,19500,Cars for Sale,,,,Toyota,Prius,2010,Tax Paper,New,Hatchback,,,,kh24,,,
11639515,14500,Cars for Sale,,,,Toyota,Highlander,2003,Plate Number,Used,SUV,,,,kh24,,,
11266346,13578,Cars for Sale,,,,Toyota,Highlander,2003,Plate Number,Used,SUV,,,,kh24,,,
,,,,,,,,,,,,,,,kh24,,,
,,,,,,,,,,,,,,,kh24,,,
11644090,10900,Cars for Sale,,,,Toyota,Prius,2006,Plate Number,Used,Hatchback,,,,kh24,,,
,,,,,,,,,,,,,,,kh24,,,
,,,,,,,,,,,,,,,kh24,,,
,,,,,,,,,,,,,,,kh24,,,
11678061,9500,Cars for Sale,,,,Toyota,Prius,2005,Plate Number,Used,,,,,kh24,,,
,,,,,,,,,,,,,,,kh24,,,
,,,,,,,,,,,,,,,kh24,,,
,,,,,,,,,,,,,,,kh24,,,
,,,,,,,,,,,,,,,kh24,,,
,,,,,,,,,,,,,,,kh24,,,
,,,,,,,,,,,,,,,kh24,,,
,,,,,,,,,,,,,,,kh24,,,
11677473,10500,Cars for Sale,,,,Toyota,Highlander,2002,Plate Number,Used,SUV,,,,kh24,,,
,,,,,,,,,,,,,,,kh24,,,
,,,,,,,,,,,,,,,kh24,,,
,,,,,,,,,,,,,,,kh24,,,
11641550,23500,Cars for Sale,,,,Kia,Carnival,2015,Plate Number,Used,MPV (Minivan),,,,kh24,,,
11651817,43800,Cars for Sale,,,,Toyota,Hilux Rally,2021,Plate Number,Used,Pickup,,,,kh24,,,
,,,,,,,,,,,,,,,kh24,,,
,,,,,,,,,,,,,,,kh24,,,
,,,,,,,,,,,,,,,kh24,,,
,,,,,,,,,,,,,,,kh24,,,
,,,,,,,,,,,,,,,kh24,,,
,,,,,,,,,,,,,,,kh24,,,
,,,,,,,,,,,,,,,kh24,,,
11587259,16700,Cars for Sale,,,,Toyota,Hilux Vigo,2007,Plate Number,Used,Pickup,,,,kh24,,,
,,,,,,,,,,,,,,,kh24,,,
,,,,,,,,,,,,,,,kh24,,,
11587239,46800,Cars for Sale,,,,Lexus,NX,2016,Tax Paper,New,SUV,,,,kh24,,,
,,,,,,,,,,,,,,,kh24,,,
,,,,,,,,,,,,,,,kh24,,,
11641624,11900,Cars for Sale,,,,Toyota,Highlander,2001,Plate Number,Used,SUV,,,,kh24,,,
,,,,,,,,,,,,,,,kh24,,,
,,,,,,,,,,,,,,,kh24,,,
11610026,22500,Cars for Sale,,,,Audi,Q7,2014,Tax Paper,Used,SUV,,,,kh24,,,
,,,,,,,,,,,,,,,kh24,,,
11676401,17300,Cars for Sale,,,,Toyota,Prius,2011,Tax Paper,New,Hatchback,,,,kh24,,,
,,,,,,,,,,,,,,,kh24,,,
,,,,,,,,,,,,,,,kh24,,,
11443763,40900,Cars for Sale,,,,Toyota,Hilux REVO,2025,Tax Paper,New,Pickup,,,,kh24,,,
,,,,,,,,,,,,,,,kh24,,,
11659501,13500,Cars for Sale,,,,Lexus,RX300,2001,Plate Number,Used,SUV,,,,kh24,,,
,,,,,,,,,,,,,,,kh24,,,
,,,,,,,,,,,,,,,kh24,,,
11621020,39700,Cars for Sale,,,,Toyota,Hilux Rally,2019,Plate Number,Used,Pickup,,,,kh24,,,
11507378,23300,Cars for Sale,,,,Toyota,Raize,2022,Plate Number,Used,SUV,,,,kh24,,,
11581256,13000,Cars for Sale,,,,Kia,Other,2020,Plate Number,Used,Sedan,,,,kh24,,,
,,,,,,,,,,,,,,,kh24,,,
